{
	"credit": "Made with Blockbench",
	"ambientocclusion": false,
	"textures": {
		"slab": "block/smooth_stone",
		"particle": "block/repeater",
		"unlit": "block/lever"
	},
	"elements": [
		{
			"from": [0, 0, 0],
			"to": [16, 2, 16],
			"faces": {
				"north": {"uv": [0, 14, 16, 16], "texture": "#slab", "cullface": "north"},
				"east": {"uv": [0, 14, 16, 16], "texture": "#slab", "cullface": "east"},
				"south": {"uv": [0, 14, 16, 16], "texture": "#slab", "cullface": "south"},
				"west": {"uv": [0, 14, 16, 16], "texture": "#slab", "cullface": "west"},
				"up": {"uv": [0, 0, 16, 16], "texture": "#particle"},
				"down": {"uv": [0, 0, 16, 16], "texture": "#slab", "cullface": "down"}
			}
		},
		{
			"from": [7, 2, 8],
			"to": [9, 4, 10],
			"faces": {
				"north": {"uv": [7, 6, 9, 8], "texture": "#unlit"},
				"east": {"uv": [7, 6, 9, 8], "texture": "#unlit"},
				"south": {"uv": [7, 6, 9, 8], "texture": "#unlit"},
				"west": {"uv": [7, 6, 9, 8], "texture": "#unlit"},
				"up": {"uv": [7, 6, 9, 8], "texture": "#unlit"},
				"down": {"uv": [7, 6, 9, 8], "texture": "#unlit"}
			}
		},
		{
			"from": [7, 2, 2],
			"to": [9, 4, 4],
			"faces": {
				"north": {"uv": [7, 6, 9, 8], "texture": "#unlit"},
				"east": {"uv": [7, 6, 9, 8], "texture": "#unlit"},
				"south": {"uv": [7, 6, 9, 8], "texture": "#unlit"},
				"west": {"uv": [7, 6, 9, 8], "texture": "#unlit"},
				"up": {"uv": [7, 6, 9, 8], "texture": "#unlit"},
				"down": {"uv": [7, 6, 9, 8], "texture": "#unlit"}
			}
		}
	]
}
