{
    "parent": "block/cube",
    "display": {
        "firstperson_righthand": {
            "rotation": [ 0, 135, 0 ],
            "translation": [ 0, 0, 0 ],
            "scale": [ 0.40, 0.40, 0.40 ]
        }
    },
    "textures": {
        "particle": "block/smoker_front_on",
        "down": "utility_block",
        "up": "block/utility_block",
        "north": "block/smoker_front_on",
        "east": "block/utility_block",
        "south": "block/utility_block",
        "west": "block/utility_block"
    }
}
