{
	"credit": "Made with Blockbench",
	"ambientocclusion": false,
	"textures": {
		"bottom": "block/acacia_door_bottom",
		"particle": "block/acacia_door_bottom",
		"top": "block/acacia_door_top"
	},
	"elements": [
		{
			"from": [0, 0, 0],
			"to": [3, 1, 16],
			"faces": {
				"north": {"uv": [3, 15, 0, 16], "texture": "#top"},
				"east": {"uv": [0, 15, 16, 16], "texture": "#top"},
				"south": {"uv": [0, 15, 3, 16], "texture": "#top"},
				"west": {"uv": [16, 15, 0, 16], "texture": "#top"},
				"up": {"uv": [13, 0, 16, 16], "texture": "#bottom"},
				"down": {"uv": [0, 13, 16, 16], "rotation": 90, "texture": "#bottom"}
			}
		},
		{
			"from": [0, 13, 0],
			"to": [3, 16, 16],
			"faces": {
				"north": {"uv": [3, 0, 0, 3], "texture": "#top"},
				"east": {"uv": [0, 0, 16, 3], "texture": "#top"},
				"south": {"uv": [0, 0, 3, 3], "texture": "#top"},
				"west": {"uv": [16, 0, 0, 3], "texture": "#top"},
				"up": {"uv": [13, 0, 16, 16], "texture": "#bottom"},
				"down": {"uv": [13, 0, 16, 16], "texture": "#bottom"}
			}
		},
		{
			"from": [0, 1, 13],
			"to": [3, 13, 16],
			"faces": {
				"north": {"uv": [13, 3, 16, 15], "texture": "#top"},
				"east": {"uv": [0, 3, 3, 15], "texture": "#top"},
				"south": {"uv": [0, 3, 3, 15], "texture": "#top"},
				"west": {"uv": [3, 3, 0, 15], "texture": "#top"}
			}
		},
		{
			"from": [0, 1, 0],
			"to": [3, 13, 3],
			"faces": {
				"north": {"uv": [3, 3, 0, 15], "texture": "#top"},
				"east": {"uv": [13, 3, 16, 15], "texture": "#top"},
				"south": {"uv": [13, 3, 16, 15], "texture": "#top"},
				"west": {"uv": [16, 3, 13, 15], "texture": "#top"}
			}
		},
		{
			"from": [0, 1, 5],
			"to": [3, 13, 7],
			"faces": {
				"north": {"uv": [13, 3, 16, 15], "texture": "#top"},
				"east": {"uv": [5, 3, 7, 15], "texture": "#top"},
				"south": {"uv": [13, 3, 16, 15], "texture": "#top"},
				"west": {"uv": [7, 3, 5, 15], "texture": "#top"}
			}
		},
		{
			"from": [0, 1, 9],
			"to": [3, 13, 11],
			"faces": {
				"north": {"uv": [13, 3, 16, 15], "texture": "#top"},
				"east": {"uv": [9, 3, 11, 15], "texture": "#top"},
				"south": {"uv": [13, 3, 16, 15], "texture": "#top"},
				"west": {"uv": [11, 3, 9, 15], "texture": "#top"}
			}
		},
		{
			"from": [-1, 0, 1],
			"to": [0, 1, 4],
			"faces": {
				"north": {"uv": [14, 15, 15, 16], "texture": "#top"},
				"east": {"uv": [12, 15, 15, 16], "texture": "#top"},
				"south": {"uv": [12, 15, 13, 16], "texture": "#top"},
				"west": {"uv": [15, 15, 12, 16], "texture": "#top"},
				"up": {"uv": [15, 15, 12, 16], "rotation": 90, "texture": "#top"},
				"down": {"uv": [15, 15, 12, 16], "rotation": 270, "texture": "#top"}
			}
		},
		{
			"from": [3, 0, 1],
			"to": [4, 1, 4],
			"faces": {
				"north": {"uv": [14, 15, 15, 16], "texture": "#top"},
				"east": {"uv": [12, 15, 15, 16], "texture": "#top"},
				"south": {"uv": [12, 15, 13, 16], "texture": "#top"},
				"west": {"uv": [15, 15, 12, 16], "texture": "#top"},
				"up": {"uv": [15, 15, 12, 16], "rotation": 90, "texture": "#top"},
				"down": {"uv": [15, 15, 12, 16], "rotation": 270, "texture": "#top"}
			}
		}
	]
}