{
	"credit": "Made with Blockbench",
	"ambientocclusion": false,
	"textures": {
		"rail": "block/activator_rail",
		"particle": "block/activator_rail"
	},
	"elements": [
		{
			"name": "Plank1",
			"from": [14, 8, 21],
			"to": [15, 9, 23],
			"rotation": {"angle": -45, "axis": "x", "origin": [0, 1, 16], "rescale": true},
			"faces": {
				"north": {"uv": [1, 2, 2, 3], "texture": "#rail"},
				"east": {"uv": [1, 1, 2, 3], "rotation": 270, "texture": "#rail"},
				"south": {"uv": [1, 1, 2, 2], "texture": "#rail"},
				"up": {"uv": [1, 1, 2, 3], "rotation": 180, "texture": "#rail"},
				"down": {"uv": [1, 1, 2, 3], "texture": "#rail"}
			}
		},
		{
			"name": "Plank3",
			"from": [4, 8, 21],
			"to": [12, 9.001, 23],
			"rotation": {"angle": -45, "axis": "x", "origin": [0, 1, 16], "rescale": true},
			"faces": {
				"north": {"uv": [4, 2, 12, 3], "texture": "#rail"},
				"south": {"uv": [4, 1, 12, 2], "rotation": 180, "texture": "#rail"},
				"up": {"uv": [4, 1, 12, 3], "rotation": 180, "texture": "#rail"},
				"down": {"uv": [12, 1, 4, 3], "texture": "#rail"}
			}
		},
		{
			"name": "Plank5",
			"from": [1, 8, 21],
			"to": [2, 9, 23],
			"rotation": {"angle": -45, "axis": "x", "origin": [0, 1, 16], "rescale": true},
			"faces": {
				"north": {"uv": [14, 2, 15, 3], "texture": "#rail"},
				"south": {"uv": [14, 1, 15, 2], "texture": "#rail"},
				"west": {"uv": [14, 1, 15, 3], "rotation": 90, "texture": "#rail"},
				"up": {"uv": [14, 1, 15, 3], "rotation": 180, "texture": "#rail"},
				"down": {"uv": [14, 1, 15, 3], "texture": "#rail"}
			}
		},
		{
			"name": "Plank6",
			"from": [14, 8, 17],
			"to": [15, 9, 19],
			"rotation": {"angle": -45, "axis": "x", "origin": [0, 1, 16], "rescale": true},
			"faces": {
				"north": {"uv": [1, 6, 2, 7], "texture": "#rail"},
				"east": {"uv": [1, 5, 2, 7], "rotation": 270, "texture": "#rail"},
				"south": {"uv": [1, 5, 2, 6], "texture": "#rail"},
				"up": {"uv": [1, 5, 2, 7], "rotation": 180, "texture": "#rail"},
				"down": {"uv": [1, 5, 2, 7], "texture": "#rail"}
			}
		},
		{
			"name": "Plank8",
			"from": [4, 8, 17],
			"to": [12, 9.001, 19],
			"rotation": {"angle": -45, "axis": "x", "origin": [0, 1, 16], "rescale": true},
			"faces": {
				"north": {"uv": [4, 6, 12, 7], "texture": "#rail"},
				"south": {"uv": [4, 5, 12, 6], "rotation": 180, "texture": "#rail"},
				"up": {"uv": [4, 5, 12, 7], "rotation": 180, "texture": "#rail"},
				"down": {"uv": [12, 5, 4, 7], "texture": "#rail"}
			}
		},
		{
			"name": "Plank10",
			"from": [1, 8, 17],
			"to": [2, 9, 19],
			"rotation": {"angle": -45, "axis": "x", "origin": [0, 1, 16], "rescale": true},
			"faces": {
				"north": {"uv": [14, 6, 15, 7], "texture": "#rail"},
				"south": {"uv": [14, 5, 15, 6], "texture": "#rail"},
				"west": {"uv": [14, 5, 15, 7], "rotation": 90, "texture": "#rail"},
				"up": {"uv": [14, 1, 15, 3], "rotation": 180, "texture": "#rail"},
				"down": {"uv": [14, 5, 15, 7], "texture": "#rail"}
			}
		},
		{
			"name": "Plank11",
			"from": [14, 8, 13],
			"to": [15, 9, 15],
			"rotation": {"angle": -45, "axis": "x", "origin": [0, 1, 16], "rescale": true},
			"faces": {
				"north": {"uv": [1, 10, 2, 11], "texture": "#rail"},
				"east": {"uv": [1, 9, 2, 11], "rotation": 270, "texture": "#rail"},
				"south": {"uv": [1, 9, 2, 10], "texture": "#rail"},
				"up": {"uv": [1, 9, 2, 11], "rotation": 180, "texture": "#rail"},
				"down": {"uv": [1, 9, 2, 11], "texture": "#rail"}
			}
		},
		{
			"name": "Plank13",
			"from": [4, 8, 13],
			"to": [12, 9.001, 15],
			"rotation": {"angle": -45, "axis": "x", "origin": [0, 1, 16], "rescale": true},
			"faces": {
				"north": {"uv": [4, 10, 12, 11], "texture": "#rail"},
				"south": {"uv": [4, 9, 12, 10], "rotation": 180, "texture": "#rail"},
				"up": {"uv": [4, 9, 12, 11], "rotation": 180, "texture": "#rail"},
				"down": {"uv": [12, 9, 4, 11], "texture": "#rail"}
			}
		},
		{
			"name": "Plank15",
			"from": [1, 8, 13],
			"to": [2, 9, 15],
			"rotation": {"angle": -45, "axis": "x", "origin": [0, 1, 16], "rescale": true},
			"faces": {
				"north": {"uv": [14, 10, 15, 11], "texture": "#rail"},
				"south": {"uv": [14, 9, 15, 10], "texture": "#rail"},
				"west": {"uv": [14, 9, 15, 11], "rotation": 90, "texture": "#rail"},
				"up": {"uv": [14, 9, 15, 11], "rotation": 180, "texture": "#rail"},
				"down": {"uv": [14, 9, 15, 11], "texture": "#rail"}
			}
		},
		{
			"name": "Plank16",
			"from": [14, 8, 9],
			"to": [15, 9, 11],
			"rotation": {"angle": -45, "axis": "x", "origin": [0, 1, 16], "rescale": true},
			"faces": {
				"north": {"uv": [1, 14, 2, 15], "texture": "#rail"},
				"east": {"uv": [1, 13, 2, 15], "rotation": 270, "texture": "#rail"},
				"south": {"uv": [1, 13, 2, 14], "texture": "#rail"},
				"up": {"uv": [1, 13, 2, 15], "rotation": 180, "texture": "#rail"},
				"down": {"uv": [1, 13, 2, 15], "texture": "#rail"}
			}
		},
		{
			"name": "Plank18",
			"from": [4, 8, 9],
			"to": [12, 9.001, 11],
			"rotation": {"angle": -45, "axis": "x", "origin": [0, 1, 16], "rescale": true},
			"faces": {
				"north": {"uv": [4, 14, 12, 15], "texture": "#rail"},
				"south": {"uv": [4, 13, 12, 14], "rotation": 180, "texture": "#rail"},
				"up": {"uv": [4, 13, 12, 15], "rotation": 180, "texture": "#rail"},
				"down": {"uv": [12, 13, 4, 15], "texture": "#rail"}
			}
		},
		{
			"name": "Plank20",
			"from": [1, 8, 9],
			"to": [2, 9, 11],
			"rotation": {"angle": -45, "axis": "x", "origin": [0, 1, 16], "rescale": true},
			"faces": {
				"north": {"uv": [14, 14, 15, 15], "texture": "#rail"},
				"south": {"uv": [14, 13, 15, 14], "texture": "#rail"},
				"west": {"uv": [14, 13, 15, 15], "rotation": 90, "texture": "#rail"},
				"up": {"uv": [14, 13, 15, 15], "rotation": 180, "texture": "#rail"},
				"down": {"uv": [14, 13, 15, 15], "texture": "#rail"}
			}
		},
		{
			"name": "Rail1",
			"from": [12, 8, 8],
			"to": [14, 10, 24],
			"rotation": {"angle": -45, "axis": "x", "origin": [0, 1, 16], "rescale": true},
			"faces": {
				"north": {"uv": [2, 14, 4, 16], "texture": "#rail"},
				"east": {"uv": [2, 0, 4, 16], "rotation": 90, "texture": "#rail"},
				"south": {"uv": [4, 0, 2, 2], "texture": "#rail"},
				"west": {"uv": [12, 0, 14, 16], "rotation": 90, "texture": "#rail"},
				"up": {"uv": [2, 0, 4, 16], "rotation": 180, "texture": "#rail"},
				"down": {"uv": [2, 0, 4, 16], "rotation": 180, "texture": "#rail"}
			}
		},
		{
			"name": "Rail2",
			"from": [2, 8, 8],
			"to": [4, 10, 24],
			"rotation": {"angle": -45, "axis": "x", "origin": [0, 1, 16], "rescale": true},
			"faces": {
				"north": {"uv": [12, 14, 14, 16], "texture": "#rail"},
				"east": {"uv": [2, 0, 4, 16], "rotation": 270, "texture": "#rail"},
				"south": {"uv": [14, 0, 12, 2], "texture": "#rail"},
				"west": {"uv": [12, 0, 14, 16], "rotation": 270, "texture": "#rail"},
				"up": {"uv": [12, 0, 14, 16], "rotation": 180, "texture": "#rail"},
				"down": {"uv": [2, 0, 4, 16], "rotation": 180, "texture": "#rail"}
			}
		},
		{
			"name": "Central Path",
			"from": [7, 8.001, 11],
			"to": [9, 9.001, 21],
			"rotation": {"angle": -45, "axis": "x", "origin": [0, 1, 16], "rescale": true},
			"faces": {
				"east": {"uv": [7, 3, 8, 13], "rotation": 270, "texture": "#rail"},
				"west": {"uv": [8, 3, 9, 13], "rotation": 90, "texture": "#rail"},
				"up": {"uv": [7, 3, 9, 13], "rotation": 180, "texture": "#rail"},
				"down": {"uv": [9, 3, 7, 13], "texture": "#rail"}
			}
		}
	]
}