{
	"parent": "block/block",
	"credit": "Made with Blockbench",
	"textures": {
		"top": "block/barrel_top",
		"side": "block/barrel_side",
		"bottom": "block/barrel_bottom",
		"particle": "block/barrel_side"
	},
	"elements": [
		{
			"from": [0, 0, 0],
			"to": [16, 16, 16],
			"faces": {
				"north": {"uv": [0, 0, 16, 16], "texture": "#side"},
				"east": {"uv": [0, 0, 16, 16], "texture": "#side"},
				"south": {"uv": [0, 0, 16, 16], "texture": "#side"},
				"west": {"uv": [0, 0, 16, 16], "texture": "#side"},
				"up": {"uv": [0, 0, 16, 16], "texture": "#top"},
				"down": {"uv": [0, 0, 16, 16], "texture": "#bottom"}
			}
		},
		{
			"from": [3, 16, 8],
			"to": [5, 17, 10],
			"faces": {
				"north": {"uv": [3, 8, 5, 9], "rotation": 180, "texture": "#top"},
				"east": {"uv": [3, 8, 5, 9], "texture": "#top"},
				"south": {"uv": [3, 9, 5, 10], "texture": "#top"},
				"west": {"uv": [3, 9, 5, 10], "texture": "#top"},
				"up": {"uv": [3, 8, 5, 10], "texture": "#top"},
				"down": {"uv": [0, 0, 2, 2], "texture": "#missing"}
			}
		}
	]
}
