{
	"credit": "Made with Blockbench",
	"textures": {
		"top": "block/barrel_top_open",
		"side": "block/barrel_side",
		"bottom": "block/barrel_bottom",
		"particle": "block/barrel_side"
	},
	"elements": [
		{
			"from": [0, 0, 0],
			"to": [16, 1, 16],
			"faces": {
				"north": {"uv": [0, 15, 16, 16], "texture": "#side"},
				"east": {"uv": [0, 15, 16, 16], "texture": "#side"},
				"south": {"uv": [0, 15, 16, 16], "texture": "#side"},
				"west": {"uv": [0, 15, 16, 16], "texture": "#side"},
				"up": {"uv": [0, 0, 16, 16], "texture": "#bottom"},
				"down": {"uv": [0, 0, 16, 16], "texture": "#bottom"}
			}
		},
		{
			"from": [0, 1, 0],
			"to": [16, 16, 1],
			"faces": {
				"north": {"uv": [0, 0, 16, 15], "texture": "#side"},
				"east": {"uv": [15, 0, 16, 15], "texture": "#side"},
				"south": {"uv": [0, 0, 16, 15], "texture": "#side"},
				"west": {"uv": [0, 0, 1, 15], "texture": "#side"},
				"up": {"uv": [0, 0, 16, 1], "texture": "#top"},
				"down": {"uv": [0, 0, 16, 1], "texture": "#missing"}
			}
		},
		{
			"from": [0, 1, 15],
			"to": [16, 16, 16],
			"faces": {
				"north": {"uv": [0, 0, 16, 15], "texture": "#side"},
				"east": {"uv": [15, 0, 16, 15], "texture": "#side"},
				"south": {"uv": [0, 0, 16, 15], "texture": "#side"},
				"west": {"uv": [0, 0, 1, 15], "texture": "#side"},
				"up": {"uv": [0, 0, 16, 1], "texture": "#top"},
				"down": {"uv": [0, 0, 16, 1], "texture": "#missing"}
			}
		},
		{
			"from": [0, 1, 1],
			"to": [1, 16, 15],
			"faces": {
				"north": {"uv": [0, 0, 1, 15], "texture": "#missing"},
				"east": {"uv": [1, 0, 15, 15], "texture": "#side"},
				"south": {"uv": [0, 0, 1, 15], "texture": "#missing"},
				"west": {"uv": [1, 0, 15, 15], "texture": "#side"},
				"up": {"uv": [0, 1, 1, 15], "texture": "#top"},
				"down": {"uv": [0, 0, 16, 1], "texture": "#missing"}
			}
		},
		{
			"from": [15, 1, 1],
			"to": [16, 16, 15],
			"faces": {
				"north": {"uv": [0, 0, 1, 15], "texture": "#missing"},
				"east": {"uv": [1, 0, 15, 15], "texture": "#side"},
				"south": {"uv": [0, 0, 1, 15], "texture": "#missing"},
				"west": {"uv": [1, 0, 15, 15], "texture": "#side"},
				"up": {"uv": [15, 1, 16, 15], "texture": "#top"},
				"down": {"uv": [0, 0, 16, 1], "texture": "#missing"}
			}
		},
		{
			"from": [1, 15, 1],
			"to": [2, 16, 15],
			"faces": {
				"north": {"uv": [0, 0, 1, 1], "texture": "#missing"},
				"east": {"uv": [1, 1, 2, 15], "rotation": 90, "texture": "#top"},
				"south": {"uv": [0, 0, 1, 1], "texture": "#missing"},
				"west": {"uv": [0, 0, 14, 1], "texture": "#missing"},
				"up": {"uv": [1, 1, 2, 15], "texture": "#top"},
				"down": {"uv": [0, 0, 1, 14], "texture": "#missing"}
			}
		},
		{
			"from": [14, 15, 1],
			"to": [15, 16, 15],
			"faces": {
				"north": {"uv": [0, 0, 1, 1], "texture": "#missing"},
				"east": {"uv": [0, 0, 14, 1], "texture": "#missing"},
				"south": {"uv": [0, 0, 1, 1], "texture": "#missing"},
				"west": {"uv": [14, 1, 15, 15], "rotation": 270, "texture": "#top"},
				"up": {"uv": [14, 1, 15, 15], "texture": "#top"},
				"down": {"uv": [0, 0, 1, 14], "texture": "#missing"}
			}
		},
		{
			"from": [2, 15, 1],
			"to": [14, 16, 2],
			"faces": {
				"north": {"uv": [0, 0, 12, 1], "texture": "#missing"},
				"east": {"uv": [0, 0, 1, 1], "texture": "#missing"},
				"south": {"uv": [2, 1, 14, 2], "texture": "#top"},
				"west": {"uv": [0, 0, 1, 1], "texture": "#missing"},
				"up": {"uv": [2, 1, 14, 2], "texture": "#top"},
				"down": {"uv": [0, 0, 12, 1], "texture": "#missing"}
			}
		},
		{
			"from": [2, 15, 14],
			"to": [14, 16, 15],
			"faces": {
				"north": {"uv": [2, 14, 14, 15], "texture": "#top"},
				"east": {"uv": [0, 0, 1, 1], "texture": "#missing"},
				"south": {"uv": [2, 1, 14, 2], "texture": "#top"},
				"west": {"uv": [0, 0, 1, 1], "texture": "#missing"},
				"up": {"uv": [2, 14, 14, 15], "texture": "#top"},
				"down": {"uv": [0, 0, 12, 1], "texture": "#missing"}
			}
		},
		{
			"from": [2, 15, 2],
			"to": [4, 16, 4],
			"faces": {
				"north": {"uv": [0, 0, 2, 1], "texture": "#missing"},
				"east": {"uv": [3, 2, 4, 4], "rotation": 90, "texture": "#top"},
				"south": {"uv": [2, 3, 4, 4], "texture": "#top"},
				"west": {"uv": [2, 3, 4, 4], "texture": "#top"},
				"up": {"uv": [2, 2, 4, 4], "texture": "#top"},
				"down": {"uv": [0, 0, 2, 2], "texture": "#missing"}
			}
		},
		{
			"from": [12, 15, 2],
			"to": [14, 16, 4],
			"faces": {
				"north": {"uv": [0, 0, 2, 1], "texture": "#missing"},
				"east": {"uv": [3, 2, 4, 4], "rotation": 90, "texture": "#top"},
				"south": {"uv": [12, 3, 14, 4], "texture": "#top"},
				"west": {"uv": [12, 2, 13, 4], "rotation": 270, "texture": "#top"},
				"up": {"uv": [12, 2, 14, 4], "texture": "#top"},
				"down": {"uv": [0, 0, 2, 2], "texture": "#missing"}
			}
		},
		{
			"from": [12, 15, 12],
			"to": [14, 16, 14],
			"faces": {
				"north": {"uv": [12, 12, 14, 13], "rotation": 180, "texture": "#top"},
				"east": {"uv": [3, 2, 4, 4], "rotation": 90, "texture": "#top"},
				"south": {"uv": [12, 3, 14, 4], "texture": "#top"},
				"west": {"uv": [12, 12, 13, 14], "rotation": 270, "texture": "#top"},
				"up": {"uv": [12, 12, 14, 14], "texture": "#top"},
				"down": {"uv": [0, 0, 2, 2], "texture": "#missing"}
			}
		},
		{
			"from": [2, 15, 12],
			"to": [4, 16, 14],
			"faces": {
				"north": {"uv": [12, 12, 13, 14], "rotation": 270, "texture": "#top"},
				"east": {"uv": [12, 12, 14, 13], "rotation": 180, "texture": "#top"},
				"south": {"uv": [12, 3, 14, 4], "texture": "#top"},
				"west": {"uv": [12, 12, 13, 14], "rotation": 270, "texture": "#top"},
				"up": {"uv": [2, 12, 4, 14], "texture": "#top"},
				"down": {"uv": [0, 0, 2, 2], "texture": "#missing"}
			}
		},
		{
			"from": [2, 15, 4],
			"to": [3, 16, 5],
			"faces": {
				"north": {"uv": [4, 2, 5, 3], "texture": "#top"},
				"east": {"uv": [4, 2, 5, 3], "texture": "#top"},
				"south": {"uv": [4, 2, 5, 3], "texture": "#top"},
				"west": {"uv": [4, 2, 5, 3], "texture": "#top"},
				"up": {"uv": [4, 2, 5, 3], "texture": "#top"},
				"down": {"uv": [4, 2, 5, 3], "texture": "#top"}
			}
		},
		{
			"from": [4, 15, 2],
			"to": [5, 16, 3],
			"faces": {
				"north": {"uv": [4, 2, 5, 3], "texture": "#top"},
				"east": {"uv": [4, 2, 5, 3], "texture": "#top"},
				"south": {"uv": [4, 2, 5, 3], "texture": "#top"},
				"west": {"uv": [4, 2, 5, 3], "texture": "#top"},
				"up": {"uv": [4, 2, 5, 3], "texture": "#top"},
				"down": {"uv": [4, 2, 5, 3], "texture": "#top"}
			}
		},
		{
			"from": [11, 15, 2],
			"to": [12, 16, 3],
			"faces": {
				"north": {"uv": [4, 2, 5, 3], "texture": "#top"},
				"east": {"uv": [4, 2, 5, 3], "texture": "#top"},
				"south": {"uv": [4, 2, 5, 3], "texture": "#top"},
				"west": {"uv": [4, 2, 5, 3], "texture": "#top"},
				"up": {"uv": [4, 2, 5, 3], "texture": "#top"},
				"down": {"uv": [4, 2, 5, 3], "texture": "#top"}
			}
		},
		{
			"from": [13, 15, 4],
			"to": [14, 16, 5],
			"faces": {
				"north": {"uv": [4, 2, 5, 3], "texture": "#top"},
				"east": {"uv": [4, 2, 5, 3], "texture": "#top"},
				"south": {"uv": [4, 2, 5, 3], "texture": "#top"},
				"west": {"uv": [4, 2, 5, 3], "texture": "#top"},
				"up": {"uv": [4, 2, 5, 3], "texture": "#top"},
				"down": {"uv": [4, 2, 5, 3], "texture": "#top"}
			}
		},
		{
			"from": [13, 15, 11],
			"to": [14, 16, 12],
			"faces": {
				"north": {"uv": [4, 2, 5, 3], "texture": "#top"},
				"east": {"uv": [4, 2, 5, 3], "texture": "#top"},
				"south": {"uv": [4, 2, 5, 3], "texture": "#top"},
				"west": {"uv": [4, 2, 5, 3], "texture": "#top"},
				"up": {"uv": [4, 2, 5, 3], "texture": "#top"},
				"down": {"uv": [4, 2, 5, 3], "texture": "#top"}
			}
		},
		{
			"from": [11, 15, 13],
			"to": [12, 16, 14],
			"faces": {
				"north": {"uv": [4, 2, 5, 3], "texture": "#top"},
				"east": {"uv": [4, 2, 5, 3], "texture": "#top"},
				"south": {"uv": [4, 2, 5, 3], "texture": "#top"},
				"west": {"uv": [4, 2, 5, 3], "texture": "#top"},
				"up": {"uv": [4, 2, 5, 3], "texture": "#top"},
				"down": {"uv": [4, 2, 5, 3], "texture": "#top"}
			}
		},
		{
			"from": [4, 15, 13],
			"to": [5, 16, 14],
			"faces": {
				"north": {"uv": [4, 2, 5, 3], "texture": "#top"},
				"east": {"uv": [4, 2, 5, 3], "texture": "#top"},
				"south": {"uv": [4, 2, 5, 3], "texture": "#top"},
				"west": {"uv": [4, 2, 5, 3], "texture": "#top"},
				"up": {"uv": [4, 2, 5, 3], "texture": "#top"},
				"down": {"uv": [4, 2, 5, 3], "texture": "#top"}
			}
		},
		{
			"from": [2, 15, 11],
			"to": [3, 16, 12],
			"faces": {
				"north": {"uv": [4, 2, 5, 3], "texture": "#top"},
				"east": {"uv": [4, 2, 5, 3], "texture": "#top"},
				"south": {"uv": [4, 2, 5, 3], "texture": "#top"},
				"west": {"uv": [4, 2, 5, 3], "texture": "#top"},
				"up": {"uv": [4, 2, 5, 3], "texture": "#top"},
				"down": {"uv": [4, 2, 5, 3], "texture": "#top"}
			}
		}
	]
}
