{
	"credit": "Made with Blockbench",
	"parent": "block/block",
	"ambientocclusion": false,
	"textures": {
		"glass": "block/glass",
		"obsidian": "block/obsidian",
		"beacon": "block/beacon",
		"particle": "block/beacon"
	},
	"elements": [
		{
			"name": "Glass shell",
			"from": [0, 0, 0],
			"to": [16, 16, 16],
			"faces": {
				"north": {"uv": [0, 0, 16, 16], "texture": "#glass"},
				"east": {"uv": [0, 0, 16, 16], "texture": "#glass"},
				"south": {"uv": [0, 0, 16, 16], "texture": "#glass"},
				"west": {"uv": [0, 0, 16, 16], "texture": "#glass"},
				"up": {"uv": [0, 0, 16, 16], "texture": "#glass"},
				"down": {"uv": [0, 0, 16, 16], "texture": "#glass"}
			}
		},
		{
			"name": "Obsidian base",
			"from": [0.001, 0.001, 0.001],
			"to": [15.999, 5, 15.999],
			"faces": {
				"north": {"uv": [0, 9, 16, 16], "texture": "#obsidian"},
				"east": {"uv": [0, 9, 16, 16], "texture": "#obsidian"},
				"south": {"uv": [0, 9, 16, 16], "texture": "#obsidian"},
				"west": {"uv": [0, 9, 16, 16], "texture": "#obsidian"},
				"up": {"uv": [0, 0, 16, 16], "texture": "#obsidian"},
				"down": {"uv": [0, 0, 16, 16], "texture": "#obsidian"}
			}
		},
		{
			"name": "Inner nether star texture",
			"from": [2, 5, 2],
			"to": [14, 11, 14],
			"faces": {
				"north": {"uv": [0, 0, 16, 8], "texture": "#beacon"},
				"east": {"uv": [0, 0, 16, 8], "texture": "#beacon"},
				"south": {"uv": [0, 0, 16, 8], "texture": "#beacon"},
				"west": {"uv": [0, 0, 16, 8], "texture": "#beacon"},
				"up": {"uv": [0, 0, 16, 16], "texture": "#beacon"},
				"down": {"uv": [0, 0, 16, 16], "texture": "#beacon"}
			}
		},
		{
			"name": "Lower piece",
			"from": [2, 11, 2],
			"to": [14, 12, 14],
			"faces": {
				"north": {"uv": [0.5, 14.5, 15.5, 15.5], "texture": "#glass"},
				"east": {"uv": [0.5, 14.5, 15.5, 15.5], "texture": "#glass"},
				"south": {"uv": [0.5, 14.5, 15.5, 15.5], "texture": "#glass"},
				"west": {"uv": [0.5, 14.5, 15.5, 15.5], "texture": "#glass"},
				"up": {"uv": [0, 0, 16, 16], "texture": "#glass"},
				"down": {"uv": [0, 0, 16, 16], "texture": "#glass"}
			}
		},
		{
			"name": "Lower middle piece",
			"from": [2.5, 12, 2.5],
			"to": [13.5, 13, 13.5],
			"faces": {
				"north": {"uv": [0.5, 5.5, 15.5, 6.5], "texture": "#glass"},
				"east": {"uv": [0.5, 5.5, 15.5, 6.5], "texture": "#glass"},
				"south": {"uv": [0.5, 5.5, 15.5, 6.5], "texture": "#glass"},
				"west": {"uv": [0.5, 5.5, 15.5, 6.5], "texture": "#glass"},
				"up": {"uv": [0, 0, 16, 16], "texture": "#glass"},
				"down": {"uv": [0, 0, 16, 16], "texture": "#glass"}
			}
		},
		{
			"name": "Middle piece",
			"from": [3, 13, 3],
			"to": [13, 14, 13],
			"faces": {
				"north": {"uv": [0.5, 5.5, 15.5, 6.5], "texture": "#glass"},
				"east": {"uv": [0.5, 5.5, 15.5, 6.5], "texture": "#glass"},
				"south": {"uv": [0.5, 5.5, 15.5, 6.5], "texture": "#glass"},
				"west": {"uv": [0.5, 5.5, 15.5, 6.5], "texture": "#glass"},
				"up": {"uv": [0, 0, 16, 16], "texture": "#glass"},
				"down": {"uv": [0, 0, 16, 16], "texture": "#glass"}
			}
		},
		{
			"name": "Upper middle piece",
			"from": [3.5, 14, 3.5],
			"to": [12.5, 15, 12.5],
			"faces": {
				"north": {"uv": [0.5, 5.5, 15.5, 6.5], "texture": "#glass"},
				"east": {"uv": [0.5, 5.5, 15.5, 6.5], "texture": "#glass"},
				"south": {"uv": [0.5, 5.5, 15.5, 6.5], "texture": "#glass"},
				"west": {"uv": [0.5, 5.5, 15.5, 6.5], "texture": "#glass"},
				"up": {"uv": [0, 0, 16, 16], "texture": "#glass"},
				"down": {"uv": [0, 0, 16, 16], "texture": "#glass"}
			}
		},
		{
			"name": "Upper piece",
			"from": [4, 15, 4],
			"to": [12, 16, 12],
			"faces": {
				"north": {"uv": [0.5, 0.5, 15.5, 1.5], "texture": "#glass"},
				"east": {"uv": [0.5, 0.5, 15.5, 1.5], "texture": "#glass"},
				"south": {"uv": [0.5, 0.5, 15.5, 1.5], "texture": "#glass"},
				"west": {"uv": [0.5, 0.5, 15.5, 1.5], "texture": "#glass"},
				"up": {"uv": [0, 0, 16, 16], "texture": "#glass"},
				"down": {"uv": [0, 0, 16, 16], "texture": "#glass"}
			}
		}
	],
	"groups": [0, 1, 2,
		{
			"name": "Lens",
			"children": [3, 4, 5, 6, 7]
		}
	]
}