{
	"credit": "Made with Blockbench",
	"ambientocclusion": false,
	"textures": {
		"bottom": "block/birch_door_bottom",
		"top": "block/birch_door_top",
		"particle": "block/birch_door_top"
	},
	"elements": [
		{
			"from": [0, 0, 0],
			"to": [3, 16, 3],
			"faces": {
				"north": {"uv": [3, 0, 0, 16], "texture": "#top"},
				"east": {"uv": [13, 0, 16, 16], "texture": "#top"},
				"south": {"uv": [2, 0, 3, 16], "texture": "#top"},
				"west": {"uv": [16, 0, 13, 16], "texture": "#top"},
				"up": {"uv": [13, 16, 16, 13], "texture": "#bottom"}
			}
		},
		{
			"from": [0, 0, 13],
			"to": [3, 16, 16],
			"faces": {
				"north": {"uv": [13, 0, 14, 16], "texture": "#top"},
				"east": {"uv": [0, 0, 3, 16], "texture": "#top"},
				"south": {"uv": [0, 0, 3, 16], "texture": "#top"},
				"west": {"uv": [3, 0, 0, 16], "texture": "#top"},
				"up": {"uv": [13, 0, 16, 3], "texture": "#bottom"}
			}
		},
		{
			"from": [0, 13, 3],
			"to": [3, 16, 13],
			"faces": {
				"east": {"uv": [3, 0, 13, 3], "texture": "#top"},
				"west": {"uv": [13, 0, 3, 3], "texture": "#top"},
				"up": {"uv": [13, 13, 16, 3], "texture": "#bottom"},
				"down": {"uv": [3, 2, 13, 3], "rotation": 90, "texture": "#top"}
			}
		},
		{
			"from": [1, 0, 3],
			"to": [2, 13, 13],
			"faces": {
				"east": {"uv": [3, 3, 13, 16], "texture": "#top"},
				"west": {"uv": [13, 3, 3, 16], "texture": "#top"}
			}
		},
		{
			"from": [-1, 0, 1],
			"to": [0, 2, 2],
			"faces": {
				"north": {"uv": [14, 14, 15, 16], "texture": "#top"},
				"east": {"uv": [14, 14, 15, 16], "texture": "#top"},
				"south": {"uv": [14, 14, 15, 16], "texture": "#top"},
				"west": {"uv": [14, 14, 15, 16], "texture": "#top"},
				"up": {"uv": [14, 14, 15, 15], "texture": "#top"},
				"down": {"uv": [14, 15, 15, 16], "texture": "#top"}
			}
		},
		{
			"from": [3, 0, 1],
			"to": [4, 2, 2],
			"faces": {
				"north": {"uv": [14, 14, 15, 16], "texture": "#top"},
				"east": {"uv": [14, 14, 15, 16], "texture": "#top"},
				"south": {"uv": [14, 14, 15, 16], "texture": "#top"},
				"west": {"uv": [14, 14, 15, 16], "texture": "#top"},
				"up": {"uv": [14, 14, 15, 15], "texture": "#top"},
				"down": {"uv": [14, 15, 15, 16], "texture": "#top"}
			}
		}
	]
}