{
	"credit": "Made with Blockbench",
	"parent": "block/cube",
	"textures": {
		"4": "block/cartography_table_side4",
		"up": "block/cartography_table_top",
		"north": "block/cartography_table_side3",
		"particle": "block/cartography_table_side3",
		"south": "block/cartography_table_side1",
		"west": "block/cartography_table_side2"
	},
	"elements": [
		{
			"from": [0, 0, 0],
			"to": [16, 11, 16],
			"faces": {
				"north": {"uv": [0, 5, 16, 16], "texture": "#north"},
				"east": {"uv": [0, 5, 16, 16], "texture": "#north"},
				"south": {"uv": [0, 5, 16, 16], "texture": "#south"},
				"west": {"uv": [0, 5, 16, 16], "texture": "#west"},
				"up": {"uv": [0, 0, 16, 16], "texture": "#4"},
				"down": {"uv": [0, 0, 16, 16], "texture": "#north"}
			}
		},
		{
			"from": [5, 11, 0],
			"to": [16, 16, 16],
			"faces": {
				"north": {"uv": [0, 0, 11, 5], "texture": "#north"},
				"east": {"uv": [0, 0, 16, 5], "texture": "#north"},
				"south": {"uv": [5, 0, 16, 5], "texture": "#south"},
				"west": {"uv": [0, 0, 16, 5], "texture": "#north"},
				"up": {"uv": [5, 0, 16, 16], "texture": "#up"},
				"down": {"uv": [0, 0, 11, 16], "texture": "#missing"}
			}
		},
		{
			"from": [0, 11, 0],
			"to": [5, 16, 11],
			"faces": {
				"north": {"uv": [11, 0, 16, 5], "texture": "#north"},
				"east": {"uv": [0, 0, 11, 5], "texture": "#missing"},
				"south": {"uv": [0, 0, 5, 5], "texture": "#north"},
				"west": {"uv": [0, 0, 11, 5], "texture": "#west"},
				"up": {"uv": [0, 0, 5, 11], "texture": "#up"},
				"down": {"uv": [0, 0, 5, 11], "texture": "#missing"}
			}
		},
		{
			"from": [1, 11, 11],
			"to": [5, 15, 15],
			"faces": {
				"north": {"uv": [0, 0, 4, 4], "texture": "#missing"},
				"east": {"uv": [0, 0, 4, 4], "texture": "#missing"},
				"south": {"uv": [0, 0, 5, 5], "texture": "#south"},
				"west": {"uv": [11, 0, 16, 5], "texture": "#west"},
				"up": {"uv": [0, 11, 5, 16], "texture": "#up"},
				"down": {"uv": [0, 0, 4, 4], "texture": "#missing"}
			}
		}
	]
}