{
	"credit": "Made with Blockbench",
	"parent": "block/thin_block",
	"textures": {
		"particle": "block/daylight_detector_top",
		"top": "block/daylight_detector_top",
		"side": "block/daylight_detector_side",
		"redstone": "block/redstone_block"
	},
	"elements": [
		{
			"from": [2, 0, 2],
			"to": [8, 4, 8],
			"faces": {
				"north": {"uv": [0, 0, 16, 10], "texture": "#side"},
				"east": {"uv": [0, 0, 16, 12], "texture": "#side"},
				"south": {"uv": [0, 0, 16, 10], "texture": "#side"},
				"west": {"uv": [0, 0, 16, 10], "texture": "#side"},
				"up": {"uv": [0, 0, 16, 16], "texture": "#top"},
				"down": {"uv": [0, 0, 16, 16], "texture": "#side"}
			}
		},
		{
			"from": [10, 0, 0],
			"to": [16, 2, 6],
			"faces": {
				"north": {"uv": [0, 0, 16, 5], "texture": "#side"},
				"east": {"uv": [0, 0, 16, 5], "texture": "#side"},
				"south": {"uv": [0, 0, 16, 5], "texture": "#side"},
				"west": {"uv": [0, 0, 16, 5], "texture": "#side"},
				"up": {"uv": [0, 0, 16, 16], "texture": "#side"},
				"down": {"uv": [0, 0, 16, 16], "texture": "#side"}
			}
		},
		{
			"from": [10, 0, 10],
			"to": [16, 2, 16],
			"faces": {
				"north": {"uv": [0, 0, 16, 5], "texture": "#side"},
				"east": {"uv": [0, 0, 16, 5], "texture": "#side"},
				"south": {"uv": [0, 0, 16, 5], "texture": "#side"},
				"west": {"uv": [0, 0, 16, 5], "texture": "#side"},
				"up": {"uv": [0, 0, 16, 16], "texture": "#side"},
				"down": {"uv": [0, 0, 16, 16], "texture": "#side"}
			}
		},
		{
			"from": [0, 0, 10],
			"to": [6, 2, 16],
			"faces": {
				"north": {"uv": [0, 0, 16, 5], "texture": "#side"},
				"east": {"uv": [0, 0, 16, 5], "texture": "#side"},
				"south": {"uv": [0, 0, 16, 5], "texture": "#side"},
				"west": {"uv": [0, 0, 16, 5], "texture": "#side"},
				"up": {"uv": [0, 0, 16, 16], "texture": "#side"},
				"down": {"uv": [0, 0, 16, 16], "texture": "#side"}
			}
		},
		{
			"from": [0, 0, 0],
			"to": [6, 2, 6],
			"faces": {
				"north": {"uv": [0, 0, 16, 5], "texture": "#side"},
				"east": {"uv": [0, 0, 16, 5], "texture": "#side"},
				"south": {"uv": [0, 0, 16, 5], "texture": "#side"},
				"west": {"uv": [0, 0, 16, 5], "texture": "#side"},
				"up": {"uv": [0, 0, 16, 16], "texture": "#side"},
				"down": {"uv": [0, 0, 16, 16], "texture": "#side"}
			}
		},
		{
			"from": [0, 0, 8],
			"to": [2, 2, 10],
			"faces": {
				"north": {"uv": [0, 0, 16, 16], "texture": "#redstone"},
				"east": {"uv": [0, 0, 16, 16], "texture": "#redstone"},
				"south": {"uv": [0, 0, 16, 16], "texture": "#redstone"},
				"west": {"uv": [0, 0, 16, 16], "texture": "#redstone"},
				"up": {"uv": [0, 0, 16, 16], "texture": "#redstone"},
				"down": {"uv": [0, 0, 16, 16], "texture": "#redstone"}
			}
		},
		{
			"from": [0, 0, 6],
			"to": [2, 2, 8],
			"faces": {
				"north": {"uv": [0, 0, 16, 16], "texture": "#redstone"},
				"east": {"uv": [0, 0, 16, 16], "texture": "#redstone"},
				"south": {"uv": [0, 0, 16, 16], "texture": "#redstone"},
				"west": {"uv": [0, 0, 16, 16], "texture": "#redstone"},
				"up": {"uv": [0, 0, 16, 16], "texture": "#redstone"},
				"down": {"uv": [0, 0, 16, 16], "texture": "#redstone"}
			}
		},
		{
			"from": [14, 0, 8],
			"to": [16, 2, 10],
			"faces": {
				"north": {"uv": [0, 0, 16, 16], "texture": "#redstone"},
				"east": {"uv": [0, 0, 16, 16], "texture": "#redstone"},
				"south": {"uv": [0, 0, 16, 16], "texture": "#redstone"},
				"west": {"uv": [0, 0, 16, 16], "texture": "#redstone"},
				"up": {"uv": [0, 0, 16, 16], "texture": "#redstone"},
				"down": {"uv": [0, 0, 16, 16], "texture": "#redstone"}
			}
		},
		{
			"from": [8, 0, 0],
			"to": [10, 2, 2],
			"faces": {
				"north": {"uv": [0, 0, 16, 16], "texture": "#redstone"},
				"east": {"uv": [0, 0, 16, 16], "texture": "#redstone"},
				"south": {"uv": [0, 0, 16, 16], "texture": "#redstone"},
				"west": {"uv": [0, 0, 16, 16], "texture": "#redstone"},
				"up": {"uv": [0, 0, 16, 16], "texture": "#redstone"},
				"down": {"uv": [0, 0, 16, 16], "texture": "#redstone"}
			}
		},
		{
			"from": [6, 0, 0],
			"to": [8, 2, 2],
			"faces": {
				"north": {"uv": [0, 0, 16, 16], "texture": "#redstone"},
				"east": {"uv": [0, 0, 16, 16], "texture": "#redstone"},
				"south": {"uv": [0, 0, 16, 16], "texture": "#redstone"},
				"west": {"uv": [0, 0, 16, 16], "texture": "#redstone"},
				"up": {"uv": [0, 0, 16, 16], "texture": "#redstone"},
				"down": {"uv": [0, 0, 16, 16], "texture": "#redstone"}
			}
		},
		{
			"from": [14, 0, 6],
			"to": [16, 2, 8],
			"faces": {
				"north": {"uv": [0, 0, 16, 16], "texture": "#redstone"},
				"east": {"uv": [0, 0, 16, 16], "texture": "#redstone"},
				"south": {"uv": [0, 0, 16, 16], "texture": "#redstone"},
				"west": {"uv": [0, 0, 16, 16], "texture": "#redstone"},
				"up": {"uv": [0, 0, 16, 16], "texture": "#redstone"},
				"down": {"uv": [0, 0, 16, 16], "texture": "#redstone"}
			}
		},
		{
			"from": [8, 0, 14],
			"to": [10, 2, 16],
			"faces": {
				"north": {"uv": [0, 0, 16, 16], "texture": "#redstone"},
				"east": {"uv": [0, 0, 16, 16], "texture": "#redstone"},
				"south": {"uv": [0, 0, 16, 16], "texture": "#redstone"},
				"west": {"uv": [0, 0, 16, 16], "texture": "#redstone"},
				"up": {"uv": [0, 0, 16, 16], "texture": "#redstone"},
				"down": {"uv": [0, 0, 16, 16], "texture": "#redstone"}
			}
		},
		{
			"from": [6, 0, 14],
			"to": [8, 2, 16],
			"faces": {
				"north": {"uv": [0, 0, 16, 16], "texture": "#redstone"},
				"east": {"uv": [0, 0, 16, 16], "texture": "#redstone"},
				"south": {"uv": [0, 0, 16, 16], "texture": "#redstone"},
				"west": {"uv": [0, 0, 16, 16], "texture": "#redstone"},
				"up": {"uv": [0, 0, 16, 16], "texture": "#redstone"},
				"down": {"uv": [0, 0, 16, 16], "texture": "#redstone"}
			}
		},
		{
			"from": [4, 4, 4],
			"to": [8, 5, 8],
			"faces": {
				"north": {"uv": [0, 0, 11, 3], "texture": "#side"},
				"east": {"uv": [0, 0, 11, 3], "texture": "#side"},
				"south": {"uv": [0, 0, 11, 3], "texture": "#side"},
				"west": {"uv": [0, 0, 11, 3], "texture": "#side"},
				"up": {"uv": [0, 0, 11, 11], "texture": "#top"},
				"down": {"uv": [0, 0, 16, 16], "texture": "#side"}
			}
		},
		{
			"from": [6, 5, 6],
			"to": [10, 6, 10],
			"faces": {
				"north": {"uv": [0, 0, 11, 3], "texture": "#side"},
				"east": {"uv": [0, 0, 11, 3], "texture": "#side"},
				"south": {"uv": [0, 0, 11, 3], "texture": "#side"},
				"west": {"uv": [0, 0, 11, 3], "texture": "#side"},
				"up": {"uv": [5, 5, 16, 16], "texture": "#top"},
				"down": {"uv": [0, 0, 16, 16], "texture": "#side"}
			}
		},
		{
			"from": [8, 0, 2],
			"to": [14, 4, 8],
			"faces": {
				"north": {"uv": [0, 0, 16, 10], "texture": "#side"},
				"east": {"uv": [0, 0, 16, 12], "texture": "#side"},
				"south": {"uv": [0, 0, 16, 10], "texture": "#side"},
				"west": {"uv": [0, 0, 16, 10], "texture": "#side"},
				"up": {"uv": [0, 0, 16, 16], "texture": "#top"},
				"down": {"uv": [0, 0, 16, 16], "texture": "#side"}
			}
		},
		{
			"from": [8, 0, 8],
			"to": [14, 4, 14],
			"faces": {
				"north": {"uv": [0, 0, 16, 10], "texture": "#side"},
				"east": {"uv": [0, 0, 16, 12], "texture": "#side"},
				"south": {"uv": [0, 0, 16, 10], "texture": "#side"},
				"west": {"uv": [0, 0, 16, 10], "texture": "#side"},
				"up": {"uv": [0, 0, 16, 16], "texture": "#top"},
				"down": {"uv": [0, 0, 16, 16], "texture": "#side"}
			}
		},
		{
			"from": [2, 0, 8],
			"to": [8, 4, 14],
			"faces": {
				"north": {"uv": [0, 0, 16, 10], "texture": "#side"},
				"east": {"uv": [0, 0, 16, 12], "texture": "#side"},
				"south": {"uv": [0, 0, 16, 10], "texture": "#side"},
				"west": {"uv": [0, 0, 16, 10], "texture": "#side"},
				"up": {"uv": [0, 0, 16, 16], "texture": "#top"},
				"down": {"uv": [0, 0, 16, 16], "texture": "#side"}
			}
		},
		{
			"from": [4, 4, 8],
			"to": [8, 5, 12],
			"faces": {
				"north": {"uv": [0, 0, 11, 3], "texture": "#side"},
				"east": {"uv": [0, 0, 11, 3], "texture": "#side"},
				"south": {"uv": [0, 0, 11, 3], "texture": "#side"},
				"west": {"uv": [0, 0, 11, 3], "texture": "#side"},
				"up": {"uv": [0, 5, 11, 16], "texture": "#top"},
				"down": {"uv": [0, 0, 16, 16], "texture": "#side"}
			}
		},
		{
			"from": [8, 4, 8],
			"to": [12, 5, 12],
			"faces": {
				"north": {"uv": [0, 0, 11, 3], "texture": "#side"},
				"east": {"uv": [0, 0, 11, 3], "texture": "#side"},
				"south": {"uv": [0, 0, 11, 3], "texture": "#side"},
				"west": {"uv": [0, 0, 11, 3], "texture": "#side"},
				"up": {"uv": [5, 5, 16, 16], "texture": "#top"},
				"down": {"uv": [0, 0, 16, 16], "texture": "#side"}
			}
		},
		{
			"from": [8, 4, 4],
			"to": [12, 5, 8],
			"faces": {
				"north": {"uv": [0, 0, 11, 3], "texture": "#side"},
				"east": {"uv": [0, 0, 11, 3], "texture": "#side"},
				"south": {"uv": [0, 0, 11, 3], "texture": "#side"},
				"west": {"uv": [0, 0, 11, 3], "texture": "#side"},
				"up": {"uv": [5, 0, 16, 11], "texture": "#top"},
				"down": {"uv": [0, 0, 16, 16], "texture": "#side"}
			}
		}
	]
}