{
	"credit": "Made with Blockbench",
	"ambientocclusion": false,
	"textures": {
		"rail": "block/detector_rail_on",
		"particle": "block/detector_rail_on"
	},
	"elements": [
		{
			"name": "Plank1",
			"from": [1, 0, 1],
			"to": [2, 1, 3],
			"rotation": {"angle": 45, "axis": "x", "origin": [0, 1, 16], "rescale": true},
			"faces": {
				"north": {"uv": [1, 1, 2, 2], "texture": "#rail"},
				"south": {"uv": [1, 2, 2, 3], "texture": "#rail"},
				"west": {"uv": [1, 1, 2, 3], "rotation": 270, "texture": "#rail"},
				"up": {"uv": [1, 1, 2, 3], "texture": "#rail"},
				"down": {"uv": [1, 1, 2, 3], "rotation": 180, "texture": "#rail"}
			}
		},
		{
			"name": "Plank2",
			"from": [2, 0, 1],
			"to": [4, 0.75, 3],
			"rotation": {"angle": 45, "axis": "x", "origin": [0, 1, 16], "rescale": true},
			"faces": {
				"north": {"uv": [4, 1, 6, 2], "texture": "#rail"},
				"south": {"uv": [4, 2, 6, 3], "rotation": 180, "texture": "#rail"},
				"down": {"uv": [4, 1, 6, 3], "rotation": 180, "texture": "#rail"}
			}
		},
		{
			"name": "Plank3",
			"from": [4, 0, 1],
			"to": [12, 1, 3],
			"rotation": {"angle": 45, "axis": "x", "origin": [0, 1, 16], "rescale": true},
			"faces": {
				"north": {"uv": [4, 1, 12, 2], "rotation": 180, "texture": "#rail"},
				"south": {"uv": [4, 2, 12, 3], "texture": "#rail"},
				"up": {"uv": [4, 1, 12, 3], "texture": "#rail"},
				"down": {"uv": [12, 1, 4, 3], "rotation": 180, "texture": "#rail"}
			}
		},
		{
			"name": "Plank4",
			"from": [12, 0, 1],
			"to": [14, 0.75, 3],
			"rotation": {"angle": 45, "axis": "x", "origin": [0, 1, 16], "rescale": true},
			"faces": {
				"north": {"uv": [10, 1, 12, 2], "texture": "#rail"},
				"south": {"uv": [10, 2, 12, 3], "rotation": 180, "texture": "#rail"},
				"down": {"uv": [10, 1, 12, 3], "rotation": 180, "texture": "#rail"}
			}
		},
		{
			"name": "Plank5",
			"from": [14, 0, 1],
			"to": [15, 1, 3],
			"rotation": {"angle": 45, "axis": "x", "origin": [0, 1, 16], "rescale": true},
			"faces": {
				"north": {"uv": [14, 1, 15, 2], "texture": "#rail"},
				"east": {"uv": [14, 1, 15, 3], "rotation": 90, "texture": "#rail"},
				"south": {"uv": [14, 2, 15, 3], "texture": "#rail"},
				"up": {"uv": [14, 1, 15, 3], "texture": "#rail"},
				"down": {"uv": [14, 1, 15, 3], "rotation": 180, "texture": "#rail"}
			}
		},
		{
			"name": "Plank6",
			"from": [1, 0, 5],
			"to": [2, 1, 7],
			"rotation": {"angle": 45, "axis": "x", "origin": [0, 1, 16], "rescale": true},
			"faces": {
				"north": {"uv": [1, 5, 2, 6], "texture": "#rail"},
				"south": {"uv": [1, 6, 2, 7], "texture": "#rail"},
				"west": {"uv": [1, 5, 2, 7], "rotation": 270, "texture": "#rail"},
				"up": {"uv": [1, 5, 2, 7], "texture": "#rail"},
				"down": {"uv": [1, 5, 2, 7], "rotation": 180, "texture": "#rail"}
			}
		},
		{
			"name": "Plank7",
			"from": [2, 0, 5],
			"to": [4, 0.75, 7],
			"rotation": {"angle": 45, "axis": "x", "origin": [0, 1, 16], "rescale": true},
			"faces": {
				"north": {"uv": [1, 5, 1.7, 6], "texture": "#rail"},
				"south": {"uv": [1, 6, 1.7, 7], "rotation": 180, "texture": "#rail"},
				"down": {"uv": [1, 5, 1.7, 7], "rotation": 180, "texture": "#rail"}
			}
		},
		{
			"name": "Plank8",
			"from": [4, 0, 5],
			"to": [12, 1, 7],
			"rotation": {"angle": 45, "axis": "x", "origin": [0, 1, 16], "rescale": true},
			"faces": {
				"north": {"uv": [4, 5, 12, 6], "rotation": 180, "texture": "#rail"},
				"south": {"uv": [4, 6, 12, 7], "texture": "#rail"},
				"up": {"uv": [4, 5, 12, 7], "texture": "#rail"},
				"down": {"uv": [12, 5, 4, 7], "rotation": 180, "texture": "#rail"}
			}
		},
		{
			"name": "Plank9",
			"from": [12, 0, 5],
			"to": [14, 0.75, 7],
			"rotation": {"angle": 45, "axis": "x", "origin": [0, 1, 16], "rescale": true},
			"faces": {
				"north": {"uv": [14.2, 5, 15, 6], "texture": "#rail"},
				"south": {"uv": [14.2, 6, 15, 7], "rotation": 180, "texture": "#rail"},
				"down": {"uv": [14.2, 5, 15, 7], "rotation": 180, "texture": "#rail"}
			}
		},
		{
			"name": "Plank10",
			"from": [14, 0, 5],
			"to": [15, 1, 7],
			"rotation": {"angle": 45, "axis": "x", "origin": [0, 1, 16], "rescale": true},
			"faces": {
				"north": {"uv": [14, 5, 15, 6], "texture": "#rail"},
				"east": {"uv": [14, 5, 15, 7], "rotation": 90, "texture": "#rail"},
				"south": {"uv": [14, 6, 15, 7], "texture": "#rail"},
				"up": {"uv": [14, 1, 15, 3], "texture": "#rail"},
				"down": {"uv": [14, 5, 15, 7], "rotation": 180, "texture": "#rail"}
			}
		},
		{
			"name": "Plank11",
			"from": [1, 0, 9],
			"to": [2, 1, 11],
			"rotation": {"angle": 45, "axis": "x", "origin": [0, 1, 16], "rescale": true},
			"faces": {
				"north": {"uv": [1, 9, 2, 10], "texture": "#rail"},
				"south": {"uv": [1, 10, 2, 11], "texture": "#rail"},
				"west": {"uv": [1, 9, 2, 11], "rotation": 270, "texture": "#rail"},
				"up": {"uv": [1, 9, 2, 11], "texture": "#rail"},
				"down": {"uv": [1, 9, 2, 11], "rotation": 180, "texture": "#rail"}
			}
		},
		{
			"name": "Plank12",
			"from": [2, 0, 9],
			"to": [4, 0.75, 11],
			"rotation": {"angle": 45, "axis": "x", "origin": [0, 1, 16], "rescale": true},
			"faces": {
				"north": {"uv": [1, 9, 1.7, 10], "texture": "#rail"},
				"south": {"uv": [1, 10, 1.7, 11], "rotation": 180, "texture": "#rail"},
				"down": {"uv": [1, 9, 1.7, 11], "rotation": 180, "texture": "#rail"}
			}
		},
		{
			"name": "Plank13",
			"from": [4, 0, 9],
			"to": [12, 1, 11],
			"rotation": {"angle": 45, "axis": "x", "origin": [0, 1, 16], "rescale": true},
			"faces": {
				"north": {"uv": [4, 9, 12, 10], "rotation": 180, "texture": "#rail"},
				"south": {"uv": [4, 10, 12, 11], "texture": "#rail"},
				"up": {"uv": [4, 9, 12, 11], "texture": "#rail"},
				"down": {"uv": [12, 9, 4, 11], "rotation": 180, "texture": "#rail"}
			}
		},
		{
			"name": "Plank14",
			"from": [12, 0, 9],
			"to": [14, 0.75, 11],
			"rotation": {"angle": 45, "axis": "x", "origin": [0, 1, 16], "rescale": true},
			"faces": {
				"north": {"uv": [14.2, 9, 15, 10], "texture": "#rail"},
				"south": {"uv": [14.2, 10, 15, 11], "rotation": 180, "texture": "#rail"},
				"down": {"uv": [14.2, 9, 15, 11], "rotation": 180, "texture": "#rail"}
			}
		},
		{
			"name": "Plank15",
			"from": [14, 0, 9],
			"to": [15, 1, 11],
			"rotation": {"angle": 45, "axis": "x", "origin": [0, 1, 16], "rescale": true},
			"faces": {
				"north": {"uv": [14, 9, 15, 10], "texture": "#rail"},
				"east": {"uv": [14, 9, 15, 11], "rotation": 90, "texture": "#rail"},
				"south": {"uv": [14, 10, 15, 11], "texture": "#rail"},
				"up": {"uv": [14, 9, 15, 11], "texture": "#rail"},
				"down": {"uv": [14, 9, 15, 11], "rotation": 180, "texture": "#rail"}
			}
		},
		{
			"name": "Plank16",
			"from": [1, 0, 13],
			"to": [2, 1, 15],
			"rotation": {"angle": 45, "axis": "x", "origin": [0, 1, 16], "rescale": true},
			"faces": {
				"north": {"uv": [1, 13, 2, 14], "texture": "#rail"},
				"south": {"uv": [1, 14, 2, 15], "texture": "#rail"},
				"west": {"uv": [1, 13, 2, 15], "rotation": 270, "texture": "#rail"},
				"up": {"uv": [1, 13, 2, 15], "texture": "#rail"},
				"down": {"uv": [1, 13, 2, 15], "rotation": 180, "texture": "#rail"}
			}
		},
		{
			"name": "Plank17",
			"from": [2, 0, 13],
			"to": [4, 0.75, 15],
			"rotation": {"angle": 45, "axis": "x", "origin": [0, 1, 16], "rescale": true},
			"faces": {
				"north": {"uv": [4, 13, 6, 14], "texture": "#rail"},
				"south": {"uv": [4, 14, 6, 15], "rotation": 180, "texture": "#rail"},
				"down": {"uv": [4, 13, 6, 15], "rotation": 180, "texture": "#rail"}
			}
		},
		{
			"name": "Plank18",
			"from": [4, 0, 13],
			"to": [12, 1, 15],
			"rotation": {"angle": 45, "axis": "x", "origin": [0, 1, 16], "rescale": true},
			"faces": {
				"north": {"uv": [4, 13, 12, 14], "rotation": 180, "texture": "#rail"},
				"south": {"uv": [4, 14, 12, 15], "texture": "#rail"},
				"up": {"uv": [4, 13, 12, 15], "texture": "#rail"},
				"down": {"uv": [12, 13, 4, 15], "rotation": 180, "texture": "#rail"}
			}
		},
		{
			"name": "Plank19",
			"from": [12, 0, 13],
			"to": [14, 0.75, 15],
			"rotation": {"angle": 45, "axis": "x", "origin": [0, 1, 16], "rescale": true},
			"faces": {
				"north": {"uv": [10, 13, 12, 14], "texture": "#rail"},
				"south": {"uv": [10, 14, 12, 15], "rotation": 180, "texture": "#rail"},
				"down": {"uv": [10, 13, 12, 15], "rotation": 180, "texture": "#rail"}
			}
		},
		{
			"name": "Plank20",
			"from": [14, 0, 13],
			"to": [15, 1, 15],
			"rotation": {"angle": 45, "axis": "x", "origin": [0, 1, 16], "rescale": true},
			"faces": {
				"north": {"uv": [14, 13, 15, 14], "texture": "#rail"},
				"east": {"uv": [14, 13, 15, 15], "rotation": 90, "texture": "#rail"},
				"south": {"uv": [14, 14, 15, 15], "texture": "#rail"},
				"up": {"uv": [14, 13, 15, 15], "texture": "#rail"},
				"down": {"uv": [14, 13, 15, 15], "rotation": 180, "texture": "#rail"}
			}
		},
		{
			"name": "Rail1",
			"from": [2, 0, 0],
			"to": [4, 2, 16],
			"rotation": {"angle": 45, "axis": "x", "origin": [0, 1, 16], "rescale": true},
			"faces": {
				"north": {"uv": [4, 0, 2, 2], "texture": "#rail"},
				"east": {"uv": [3, 0, 4, 16], "rotation": 90, "texture": "#rail"},
				"south": {"uv": [2, 14, 4, 16], "texture": "#rail"},
				"west": {"uv": [2, 0, 3, 16], "rotation": 90, "texture": "#rail"},
				"up": {"uv": [2, 0, 4, 16], "texture": "#rail"},
				"down": {"uv": [2, 0, 4, 16], "texture": "#rail"}
			}
		},
		{
			"name": "Rail2",
			"from": [12, 0, 0],
			"to": [14, 2, 16],
			"rotation": {"angle": 45, "axis": "x", "origin": [0, 1, 16], "rescale": true},
			"faces": {
				"north": {"uv": [14, 0, 12, 2], "texture": "#rail"},
				"east": {"uv": [13, 0, 14, 16], "rotation": 270, "texture": "#rail"},
				"south": {"uv": [12, 14, 14, 16], "texture": "#rail"},
				"west": {"uv": [12, 0, 12.6, 16], "rotation": 270, "texture": "#rail"},
				"up": {"uv": [12, 0, 14, 16], "texture": "#rail"},
				"down": {"uv": [12, 0, 14, 16], "texture": "#rail"}
			}
		},
		{
			"name": "Detector 1",
			"from": [5, 0, 5],
			"to": [11, 2, 11],
			"rotation": {"angle": 45, "axis": "x", "origin": [0, 1, 16], "rescale": true},
			"faces": {
				"north": {"uv": [5, 5, 11, 6], "rotation": 180, "texture": "#rail"},
				"east": {"uv": [10, 5, 11, 11], "rotation": 90, "texture": "#rail"},
				"south": {"uv": [5, 10, 11, 11], "texture": "#rail"},
				"west": {"uv": [5, 5, 6, 11], "rotation": 270, "texture": "#rail"},
				"up": {"uv": [5, 5, 11, 11], "texture": "#rail"},
				"down": {"uv": [11, 5, 5, 11], "rotation": 180, "texture": "#rail"}
			}
		}
	]
}
