{	"parent": "block/block",
	"credit": "Made with Blockbench",
	"textures": {
		"bottom": "block/end_stone",
		"top": "block/end_portal_frame_top",
		"side": "block/end_portal_frame_side",
		"particle": "block/end_portal_frame_side",
		"eye": "block/end_portal_frame_eye"
	},
	"elements": [
		{
			"from": [0, 0, 0],
			"to": [16, 13, 16],
			"faces": {
				"north": {"uv": [0, 3, 16, 16], "texture": "#side", "cullface": "north"},
				"east": {"uv": [0, 3, 16, 16], "texture": "#side", "cullface": "east"},
				"south": {"uv": [0, 3, 16, 16], "texture": "#side", "cullface": "south"},
				"west": {"uv": [0, 3, 16, 16], "texture": "#side", "cullface": "west"},
				"up": {"uv": [0, 0, 16, 16], "texture": "#top"},
				"down": {"uv": [0, 0, 16, 16], "texture": "#bottom", "cullface": "down"}
			}
		},
		{
			"from": [4, 13, 4],
			"to": [12, 16, 12],
			"faces": {
				"north": {"uv": [4, 0, 12, 3], "texture": "#eye"},
				"east": {"uv": [4, 0, 12, 3], "texture": "#eye"},
				"south": {"uv": [4, 0, 12, 3], "texture": "#eye"},
				"west": {"uv": [4, 0, 12, 3], "texture": "#eye"},
				"up": {"uv": [4, 4, 12, 12], "texture": "#eye", "cullface": "up"}
			}
		},
		{
			"from": [1, 13, 6],
			"to": [3, 18, 10],
			"faces": {
				"north": {"uv": [5, 11, 6, 16], "texture": "#top"},
				"east": {"uv": [6, 11, 10, 16], "texture": "#top"},
				"south": {"uv": [10, 11, 11, 16], "texture": "#top"},
				"west": {"uv": [6, 11, 10, 16], "texture": "#top"},
				"up": {"uv": [0, 10, 2, 14], "texture": "#top"},
				"down": {"uv": [0, 0, 2, 4], "texture": "#missing"}
			}
		},
		{
			"from": [13, 13, 6],
			"to": [15, 18, 10],
			"faces": {
				"north": {"uv": [10, 11, 11, 16], "texture": "#top"},
				"east": {"uv": [6, 11, 10, 16], "texture": "#top"},
				"south": {"uv": [5, 11, 6, 16], "texture": "#top"},
				"west": {"uv": [6, 11, 10, 16], "texture": "#top"},
				"up": {"uv": [0, 10, 2, 14], "rotation": 180, "texture": "#top"},
				"down": {"uv": [0, 0, 2, 4], "rotation": 180, "texture": "#missing"}
			}
		},
		{
			"from": [6, 13, 1],
			"to": [10, 18, 3],
			"faces": {
				"north": {"uv": [6, 11, 10, 16], "texture": "#top"},
				"east": {"uv": [5, 11, 6, 16], "texture": "#top"},
				"south": {"uv": [6, 11, 10, 16], "texture": "#top"},
				"west": {"uv": [10, 11, 11, 16], "texture": "#top"},
				"up": {"uv": [0, 10, 2, 14], "rotation": 90, "texture": "#top"},
				"down": {"uv": [0, 0, 2, 4], "rotation": 270, "texture": "#missing"}
			}
		},
		{
			"from": [-2, 13, 11],
			"to": [0, 18, 15],
			"rotation": {"angle": 45, "axis": "y", "origin": [1, 15.5, 8]},
			"faces": {
				"north": {"uv": [5, 11, 6, 16], "texture": "#top"},
				"east": {"uv": [6, 11, 10, 16], "texture": "#top"},
				"south": {"uv": [10, 11, 11, 16], "texture": "#top"},
				"west": {"uv": [6, 11, 10, 16], "texture": "#top"},
				"up": {"uv": [0, 10, 2, 14], "texture": "#top"},
				"down": {"uv": [0, 0, 2, 4], "texture": "#missing"}
			}
		},
		{
			"from": [-2, 13, 1],
			"to": [0, 18, 5],
			"rotation": {"angle": -45, "axis": "y", "origin": [1, 15.5, 8]},
			"faces": {
				"north": {"uv": [5, 11, 6, 16], "texture": "#top"},
				"east": {"uv": [6, 11, 10, 16], "texture": "#top"},
				"south": {"uv": [10, 11, 11, 16], "texture": "#top"},
				"west": {"uv": [6, 11, 10, 16], "texture": "#top"},
				"up": {"uv": [0, 10, 2, 14], "texture": "#top"},
				"down": {"uv": [0, 0, 2, 4], "texture": "#missing"}
			}
		},
		{
			"from": [4, 13, -5],
			"to": [8, 18, -3],
			"rotation": {"angle": -45, "axis": "y", "origin": [1, 15.5, 8]},
			"faces": {
				"north": {"uv": [6, 11, 10, 16], "texture": "#top"},
				"east": {"uv": [5, 11, 6, 16], "texture": "#top"},
				"south": {"uv": [6, 11, 10, 16], "texture": "#top"},
				"west": {"uv": [10, 11, 11, 16], "texture": "#top"},
				"up": {"uv": [0, 10, 2, 14], "rotation": 90, "texture": "#top"},
				"down": {"uv": [0, 0, 2, 4], "rotation": 270, "texture": "#missing"}
			}
		},
		{
			"from": [12, 13, 1],
			"to": [14, 18, 5],
			"rotation": {"angle": -45, "axis": "y", "origin": [1, 15.5, 8]},
			"faces": {
				"north": {"uv": [10, 11, 11, 16], "texture": "#top"},
				"east": {"uv": [6, 11, 10, 16], "texture": "#top"},
				"south": {"uv": [5, 11, 6, 16], "texture": "#top"},
				"west": {"uv": [6, 11, 10, 16], "texture": "#top"},
				"up": {"uv": [0, 10, 2, 14], "rotation": 180, "texture": "#top"},
				"down": {"uv": [0, 0, 2, 4], "rotation": 180, "texture": "#missing"}
			}
		},
		{
			"from": [-2, 15, 6],
			"to": [0, 20, 10],
			"rotation": {"angle": -22.5, "axis": "z", "origin": [8, 8, 8]},
			"faces": {
				"north": {"uv": [5, 11, 6, 16], "texture": "#top"},
				"east": {"uv": [6, 11, 10, 16], "texture": "#top"},
				"south": {"uv": [10, 11, 11, 16], "texture": "#top"},
				"west": {"uv": [6, 11, 10, 16], "texture": "#top"},
				"up": {"uv": [0, 10, 2, 14], "texture": "#top"},
				"down": {"uv": [0, 0, 2, 4], "texture": "#missing"}
			}
		},
		{
			"from": [6, 15, -2],
			"to": [10, 20, 0],
			"rotation": {"angle": 22.5, "axis": "x", "origin": [8, 8, 8]},
			"faces": {
				"north": {"uv": [6, 11, 10, 16], "texture": "#top"},
				"east": {"uv": [5, 11, 6, 16], "texture": "#top"},
				"south": {"uv": [6, 11, 10, 16], "texture": "#top"},
				"west": {"uv": [10, 11, 11, 16], "texture": "#top"},
				"up": {"uv": [0, 10, 2, 14], "rotation": 90, "texture": "#top"},
				"down": {"uv": [0, 0, 2, 4], "rotation": 270, "texture": "#missing"}
			}
		},
		{
			"from": [6, 22, 10],
			"to": [10, 24, 15],
			"rotation": {"angle": -22.5, "axis": "x", "origin": [8, 8, 8]},
			"faces": {
				"north": {"uv": [0, 0, 2, 4], "rotation": 270, "texture": "#top"},
				"east": {"uv": [10, 11, 11, 16], "rotation": 270, "texture": "#top"},
				"south": {"uv": [0, 10, 2, 14], "rotation": 270, "texture": "#top"},
				"west": {"uv": [5, 11, 6, 16], "rotation": 90, "texture": "#top"},
				"up": {"uv": [6, 11, 10, 16], "rotation": 180, "texture": "#top"},
				"down": {"uv": [6, 11, 10, 16], "texture": "#top"}
			}
		},
		{
			"from": [16, 15, 6],
			"to": [18, 20, 10],
			"rotation": {"angle": 22.5, "axis": "z", "origin": [8, 8, 8]},
			"faces": {
				"north": {"uv": [10, 11, 11, 16], "texture": "#top"},
				"east": {"uv": [6, 11, 10, 16], "texture": "#top"},
				"south": {"uv": [5, 11, 6, 16], "texture": "#top"},
				"west": {"uv": [6, 11, 10, 16], "texture": "#top"},
				"up": {"uv": [0, 10, 2, 14], "rotation": 180, "texture": "#top"},
				"down": {"uv": [0, 0, 2, 4], "rotation": 180, "texture": "#missing"}
			}
		}
	]
}