{
	"credit": "Made with Blockbench",
	"ambientocclusion": false,
	"textures": {
		"bars": "block/iron_bars",
		"edge": "block/iron_bars",
		"particle": "block/iron_bars"
	},
	"elements": [
		{
			"from": [7.00034, 0.00094, 8.99902],
			"to": [9.00034, 1.00094, 15.99902],
			"faces": {
				"north": {"uv": [9, 0, 8, 2], "rotation": 90, "texture": "#edge"},
				"east": {"uv": [9, 0, 8, 7], "rotation": 90, "texture": "#edge"},
				"south": {"uv": [9, 0, 8, 2], "rotation": 90, "texture": "#edge", "cullface": "north"},
				"west": {"uv": [9, 0, 8, 7], "rotation": 90, "texture": "#edge"},
				"up": {"uv": [7, 0, 9, 7], "rotation": 180, "texture": "#edge"},
				"down": {"uv": [9, 0, 7, 7], "rotation": 180, "texture": "#edge"}
			}
		},
		{
			"from": [7.00059, 14.9999, 9.0004],
			"to": [9.00059, 15.9999, 16.0004],
			"faces": {
				"north": {"uv": [9, 0, 8, 4], "rotation": 90, "texture": "#edge"},
				"east": {"uv": [9, 0, 8, 7], "rotation": 90, "texture": "#edge"},
				"south": {"uv": [9, 0, 8, 4], "rotation": 90, "texture": "#edge", "cullface": "north"},
				"west": {"uv": [9, 0, 8, 7], "rotation": 90, "texture": "#edge"},
				"up": {"uv": [7, 0, 9, 7], "rotation": 180, "texture": "#edge"},
				"down": {"uv": [9, 0, 7, 7], "rotation": 180, "texture": "#edge"}
			}
		},
		{
			"name": "Box4",
			"from": [7.4998, 0.00056, 7.99979],
			"to": [8.4998, 16.00056, 8.99979],
			"faces": {
				"north": {"uv": [13, 0, 14, 16], "texture": "#bars"},
				"east": {"uv": [13, 0, 14, 16], "texture": "#bars"},
				"south": {"uv": [13, 0, 14, 16], "texture": "#bars"},
				"west": {"uv": [13, 0, 14, 16], "texture": "#bars"},
				"up": {"uv": [8, 2, 9, 3], "rotation": 180, "texture": "#bars", "cullface": "up"},
				"down": {"uv": [7, 12, 8, 13], "rotation": 180, "texture": "#bars", "cullface": "down"}
			}
		},
		{
			"name": "Box4",
			"from": [7.49981, 1.99969, 9.00088],
			"to": [8.49981, 3.99969, 12.00088],
			"faces": {
				"east": {"uv": [0, 7, 3, 9], "texture": "#bars"},
				"west": {"uv": [0, 7, 3, 9], "texture": "#bars"},
				"up": {"uv": [8, 2, 9, 5], "rotation": 180, "texture": "#bars"},
				"down": {"uv": [8, 12, 9, 15], "rotation": 180, "texture": "#bars"}
			}
		},
		{
			"name": "Box4",
			"from": [7.49961, -0.00047, 12.00021],
			"to": [8.49961, 15.99953, 14.00021],
			"faces": {
				"north": {"uv": [13, 0, 14, 16], "texture": "#bars"},
				"east": {"uv": [12, 0, 14, 16], "texture": "#bars"},
				"south": {"uv": [13, 0, 14, 16], "texture": "#bars"},
				"west": {"uv": [12, 0, 14, 16], "texture": "#bars"}
			}
		},
		{
			"name": "Box4",
			"from": [7.5008, 7.00044, 13.99974],
			"to": [8.5008, 9.00044, 15.99974],
			"faces": {
				"east": {"uv": [0, 7, 2, 9], "texture": "#bars"},
				"south": {"uv": [0, 7, 1, 9], "texture": "#bars", "cullface": "north"},
				"west": {"uv": [0, 7, 2, 9], "texture": "#bars"},
				"up": {"uv": [8, 2, 9, 4], "rotation": 180, "texture": "#bars"},
				"down": {"uv": [8, 12, 9, 14], "rotation": 180, "texture": "#bars"}
			}
		}
	]
}