{
	"credit": "Made with Blockbench",
	"ambientocclusion": false,
	"textures": {
		"edge": "block/iron_bars",
		"particle": "block/iron_bars"
	},
	"elements": [
		{
			"from": [7, 0.001, 7],
			"to": [9, 1.001, 9],
			"faces": {
				"north": {"uv": [7, 15.998, 9, 15.999], "texture": "#edge"},
				"east": {"uv": [7, 15.998, 9, 15.999], "texture": "#edge"},
				"south": {"uv": [7, 15.998, 9, 15.999], "texture": "#edge"},
				"west": {"uv": [7, 15.998, 9, 15.999], "texture": "#edge"},
				"up": {"uv": [7, 7, 9, 9], "texture": "#edge"},
				"down": {"uv": [7, 7, 9, 9], "texture": "#edge"}
			}
		},
		{
			"from": [7, 15, 7],
			"to": [9, 16, 9],
			"faces": {
				"north": {"uv": [7, 0, 9, 0.001], "texture": "#edge"},
				"east": {"uv": [7, 0, 9, 0.001], "texture": "#edge"},
				"south": {"uv": [7, 0, 9, 0.001], "texture": "#edge"},
				"west": {"uv": [7, 0, 9, 0.001], "texture": "#edge"},
				"up": {"uv": [7, 7, 9, 9], "texture": "#edge"},
				"down": {"uv": [7, 7, 9, 9], "texture": "#edge"}
			}
		}
	]
}