{
	"credit": "Made with Blockbench",
	"parent": "block/block",
	"textures": {
		"particle": "block/jukebox_top",
		"side": "block/jukebox_side"
	},
	"elements": [
		{
			"from": [0, 0, 0],
			"to": [16, 13, 16],
			"faces": {
				"north": {"uv": [0, 3, 16, 16], "texture": "#side"},
				"east": {"uv": [0, 3, 16, 16], "texture": "#side"},
				"south": {"uv": [0, 3, 16, 16], "texture": "#side"},
				"west": {"uv": [0, 3, 16, 16], "texture": "#side"},
				"up": {"uv": [0, 0, 16, 16], "texture": "#particle"},
				"down": {"uv": [0, 0, 16, 16], "texture": "#side"}
			}
		},
		{
			"from": [0, 13, 0],
			"to": [7, 16, 16],
			"faces": {
				"north": {"uv": [9, 0, 16, 3], "texture": "#side"},
				"east": {"uv": [10, 0, 7, 16], "rotation": 90, "texture": "#particle"},
				"south": {"uv": [0, 0, 7, 3], "texture": "#side"},
				"west": {"uv": [0, 0, 16, 3], "texture": "#side"},
				"up": {"uv": [0, 0, 7, 16], "texture": "#particle"},
				"down": {"uv": [0, 0, 7, 16], "texture": "#missing"}
			}
		},
		{
			"from": [9, 13, 0],
			"to": [16, 16, 16],
			"faces": {
				"north": {"uv": [0, 0, 7, 3], "texture": "#side"},
				"east": {"uv": [0, 0, 16, 3], "texture": "#side"},
				"south": {"uv": [9, 0, 16, 3], "texture": "#side"},
				"west": {"uv": [10, 0, 7, 16], "rotation": 90, "texture": "#particle"},
				"up": {"uv": [9, 0, 16, 16], "texture": "#particle"},
				"down": {"uv": [9, 0, 16, 16], "texture": "#missing"}
			}
		},
		{
			"from": [7, 13, 13],
			"to": [9, 16, 16],
			"faces": {
				"north": {"uv": [9, 2, 7, 5], "texture": "#particle"},
				"east": {"uv": [0, 0, 3, 1], "texture": "#missing"},
				"south": {"uv": [7, 0, 9, 3], "texture": "#side"},
				"west": {"uv": [0, 0, 3, 1], "texture": "#missing"},
				"up": {"uv": [7, 13, 9, 16], "texture": "#particle"},
				"down": {"uv": [0, 0, 2, 3], "texture": "#missing"}
			}
		},
		{
			"from": [7, 13, 0],
			"to": [9, 16, 3],
			"faces": {
				"north": {"uv": [7, 0, 9, 3], "texture": "#side"},
				"east": {"uv": [0, 0, 3, 1], "texture": "#missing"},
				"south": {"uv": [9, 2, 7, 5], "texture": "#particle"},
				"west": {"uv": [0, 0, 3, 1], "texture": "#missing"},
				"up": {"uv": [7, 0, 9, 3], "texture": "#particle"},
				"down": {"uv": [0, 0, 2, 3], "texture": "#missing"}
			}
		}
	]
}
