{
	"parent": "block/thin_block",
	"textures": {
		"particle": "block/jungle_trapdoor",
		"texture": "block/jungle_trapdoor"
	},
	"elements": [ 	 
		{
			"__comment": "Element",
			"from": [ 0, 0, 0 ],
			"to": [ 3, 3, 16 ],
			"faces": {
				"down": { "uv": [ 0, 0, 3, 16 ], "texture": "#texture" },
				"up": { "uv": [ 0, 0, 3, 16 ], "texture": "#texture" },
				"north": { "uv": [ 13, 13, 16, 16 ], "texture": "#texture" },
				"south": { "uv": [ 0, 13, 3, 16 ], "texture": "#texture" },
				"west": { "uv": [ 0, 0, 16, 3 ], "texture": "#texture", "rotation": 180 },
				"east": { "uv": [ 0, 0, 16, 3 ], "texture": "#texture", "rotation": 180 }
			}
		},
		{
			"__comment": "Element",
			"from": [ 13, 0, 0 ],
			"to": [ 16, 3, 16 ],
			"faces": {
				"down": { "uv": [ 13, 0, 16, 16 ], "texture": "#texture" },
				"up": { "uv": [ 13, 0, 16, 16 ], "texture": "#texture" },
				"north": { "uv": [ 0, 13, 3, 16 ], "texture": "#texture" },
				"south": { "uv": [ 13, 13, 16, 16 ], "texture": "#texture" },
				"west": { "uv": [ 0, 0, 16, 3 ], "texture": "#texture", "rotation": 180 },
				"east": { "uv": [ 0, 0, 16, 3 ], "texture": "#texture", "rotation": 180 }
			}
		},
		{
			"__comment": "Element",
			"from": [ 3, 0, 0 ],
			"to": [ 13, 3, 3 ],
			"faces": {
				"down": { "uv": [ 3.5, 0, 13.5, 3 ], "texture": "#texture", "rotation": 180 },
				"up": { "uv": [ 3, 0, 13, 3 ], "texture": "#texture" },
				"north": { "uv": [ 3, 0, 13, 3 ], "texture": "#texture", "rotation": 180 },
				"south": { "uv": [ 3, 0, 13, 3 ], "texture": "#texture", "rotation": 180 }
			}
		},
		{
			"__comment": "Element",
			"from": [ 3, 0, 12 ],
			"to": [ 13, 3, 16 ],
			"faces": {
				"down": { "uv": [ 3, 12, 13, 16 ], "texture": "#texture", "rotation": 180 },
				"up": { "uv": [ 3, 12, 13, 16 ], "texture": "#texture" },
				"north": { "uv": [ 3, 0, 13, 3 ], "texture": "#texture", "rotation": 180 },
				"south": { "uv": [ 3, 0, 13, 3 ], "texture": "#texture", "rotation": 180 }
			}
		},
		{
			"__comment": "Element",
			"from": [ 3, 0, 7 ],
			"to": [ 4, 3, 12 ],
			"faces": {
				"down": { "uv": [ 2, 4, 3, 9 ], "texture": "#texture" },
				"up": { "uv": [ 3, 7, 4, 12 ], "texture": "#texture" },
				"north": { "uv": [ 12, 13, 13, 16 ], "texture": "#texture" },
				"east": { "uv": [ 1, 9, 4, 15 ], "texture": "#texture", "rotation": 90 }
			}
		},
		{
			"__comment": "Element",
			"from": [ 12, 0, 7 ],
			"to": [ 13, 3, 12 ],
			"faces": {
				"down": { "uv": [ 13, 4, 14, 9 ], "texture": "#texture" },
				"up": { "uv": [ 12, 7, 13, 12 ], "texture": "#texture" },
				"north": { "uv": [ 3, 13, 4, 16 ], "texture": "#texture" },
				"west": { "uv": [ 7.5, 0, 12.5, 3 ], "texture": "#texture" }
			}
		},
		{
			"__comment": "Element",
			"from": [ 9, 0, 3 ],
			"to": [ 10, 3, 12 ],
			"faces": {
				"down": { "uv": [ 9, 4, 10, 13 ], "texture": "#texture" },
				"up": { "uv": [ 9, 3, 10, 12 ], "texture": "#texture" },
				"west": { "uv": [ 1, 8, 4, 15 ], "texture": "#texture", "rotation": 90 },
				"east": { "uv": [ 1, 8, 4, 15 ], "texture": "#texture", "rotation": 90 }
			}
		},
		{
			"__comment": "Element",
			"from": [ 6, 0, 3 ],
			"to": [ 7, 3, 12 ],
			"faces": {
				"down": { "uv": [ 6, 4, 7, 13 ], "texture": "#texture" },
				"up": { "uv": [ 6, 3, 7, 12 ], "texture": "#texture" },
				"west": { "uv": [ 1, 8, 4, 15 ], "texture": "#texture", "rotation": 90 },
				"east": { "uv": [ 1, 8, 4, 15 ], "texture": "#texture", "rotation": 90 }
			}
		},
		{
			"__comment": "Element",
			"from": [ 4, 0, 11 ],
			"to": [ 5, 3, 12 ],
			"faces": {
				"down": { "uv": [ 3, 3, 4, 4 ], "texture": "#texture" },
				"up": { "uv": [ 4, 11, 5, 12 ], "texture": "#texture" },
				"north": { "uv": [ 11, 13, 12, 16 ], "texture": "#texture" },
				"east": { "uv": [ 4, 13, 5, 16 ], "texture": "#texture" }
			}
		},
		{
			"__comment": "Element",
			"from": [ 4, 0, 7 ],
			"to": [ 6, 3, 9 ],
			"faces": {
				"down": { "uv": [ 4, 7, 6, 9 ], "texture": "#texture" },
				"up": { "uv": [ 4, 7, 6, 9 ], "texture": "#texture" },
				"north": { "uv": [ 1, 10, 3, 13 ], "texture": "#texture" },
				"south": { "uv": [ 1, 10, 3, 13 ], "texture": "#texture" }
			}
		},
		{
			"__comment": "Element",
			"from": [ 10, 0, 7 ],
			"to": [ 12, 3, 9 ],
			"faces": {
				"down": { "uv": [ 10, 7, 12, 9 ], "texture": "#texture" },
				"up": { "uv": [ 10, 7, 12, 9 ], "texture": "#texture" },
				"north": { "uv": [ 1, 10, 3, 13 ], "texture": "#texture" },
				"south": { "uv": [ 1, 10, 3, 13 ], "texture": "#texture" }
			}
		},
		{
			"__comment": "Element",
			"from": [ 11, 0, 11 ],
			"to": [ 12, 3, 12 ],
			"faces": {
				"down": { "uv": [ 12, 3, 13, 4 ], "texture": "#texture" },
				"up": { "uv": [ 11, 11, 12, 12 ], "texture": "#texture" },
				"north": { "uv": [ 4, 13, 5, 16 ], "texture": "#texture" },
				"west": { "uv": [ 11, 13, 12, 16 ], "texture": "#texture" }
			}
		},
		{
			"__comment": "Element",
			"from": [ 7, 0, 7 ],
			"to": [ 9, 3, 9 ],
			"faces": {
				"down": { "uv": [ 7, 7, 9, 9 ], "texture": "#texture" },
				"up": { "uv": [ 7, 7, 9, 9 ], "texture": "#texture" },
				"north": { "uv": [ 1, 10, 3, 13 ], "texture": "#texture" },
				"south": { "uv": [ 1, 10, 3, 13 ], "texture": "#texture" }
			}
		},
		{
			"__comment": "Element",
			"from": [ 3, 0, 3 ],
			"to": [ 5, 3, 4 ],
			"faces": {
				"down": { "uv": [ 3, 12, 5, 13 ], "texture": "#texture" },
				"up": { "uv": [ 3, 3, 5, 4 ], "texture": "#texture" },
				"south": { "uv": [ 3, 13, 5, 16 ], "texture": "#texture" },
				"east": { "uv": [ 12, 13, 13, 16 ], "texture": "#texture" }
			}
		},
		{
			"__comment": "Element",
			"from": [ 3, 0, 4 ],
			"to": [ 4, 3, 5 ],
			"faces": {
				"down": { "uv": [ 3, 11, 4, 12 ], "texture": "#texture" },
				"up": { "uv": [ 3, 4, 4, 5 ], "texture": "#texture" },
				"south": { "uv": [ 3, 13, 4, 16 ], "texture": "#texture" },
				"east": { "uv": [ 11, 13, 12, 16 ], "texture": "#texture" }
			}
		},
		{
			"__comment": "Element",
			"from": [ 11, 0, 3 ],
			"to": [ 13, 3, 4 ],
			"faces": {
				"down": { "uv": [ 11, 12, 13, 13 ], "texture": "#texture" },
				"up": { "uv": [ 11, 3, 13, 4 ], "texture": "#texture" },
				"south": { "uv": [ 11, 13, 13, 16 ], "texture": "#texture" },
				"west": { "uv": [ 3, 13, 4, 16 ], "texture": "#texture" }
			}
		},
		{
			"__comment": "Element",
			"from": [ 12, 0, 4 ],
			"to": [ 13, 3, 5 ],
			"faces": {
				"down": { "uv": [ 12, 11, 13, 12 ], "texture": "#texture" },
				"up": { "uv": [ 12, 4, 13, 5 ], "texture": "#texture" },
				"south": { "uv": [ 12, 13, 13, 16 ], "texture": "#texture" },
				"west": { "uv": [ 4, 13, 5, 16 ], "texture": "#texture" }
			}
		}
	]
}