{
	"credit": "Made with Blockbench",
	"ambientocclusion": false,
	"textures": {
		"top": "block/jungle_door_top",
		"particle": "block/jungle_door_top"
	},
	"elements": [
		{
			"name": "Box10",
			"from": [0, 0, 0],
			"to": [3, 16, 4],
			"faces": {
				"north": {"uv": [0, 0, 3, 16], "texture": "#top"},
				"east": {"uv": [12, 0, 16, 16], "texture": "#top"},
				"south": {"uv": [13, 0, 16, 16], "texture": "#top"},
				"west": {"uv": [16, 0, 12, 16], "texture": "#top"},
				"up": {"uv": [0, 0, 3, 4], "texture": "#top"}
			}
		},
		{
			"name": "Box10",
			"from": [0, 0, 12],
			"to": [3, 16, 16],
			"faces": {
				"north": {"uv": [13, 0, 16, 16], "texture": "#top"},
				"east": {"uv": [0, 0, 4, 16], "texture": "#top"},
				"south": {"uv": [0, 0, 3, 16], "texture": "#top"},
				"west": {"uv": [4, 0, 0, 16], "texture": "#top"},
				"up": {"uv": [0, 11, 3, 15], "texture": "#top"}
			}
		},
		{
			"name": "Box10",
			"from": [0, 0, 4],
			"to": [3, 4, 12],
			"faces": {
				"east": {"uv": [4, 12, 12, 16], "texture": "#top"},
				"west": {"uv": [12, 12, 4, 16], "texture": "#top"},
				"up": {"uv": [0, 4, 3, 12], "texture": "#top"}
			}
		},
		{
			"name": "Box10",
			"from": [0, 4, 4],
			"to": [3, 8, 6],
			"faces": {
				"east": {"uv": [10, 8, 12, 12], "texture": "#top"},
				"south": {"uv": [0, 8, 3, 12], "texture": "#top"},
				"west": {"uv": [4, 8, 6, 12], "texture": "#top"},
				"up": {"uv": [0, 6, 3, 8], "texture": "#top"}
			}
		},
		{
			"name": "Box10",
			"from": [0, 4, 10],
			"to": [3, 8, 12],
			"faces": {
				"north": {"uv": [13, 8, 16, 12], "texture": "#top"},
				"east": {"uv": [4, 8, 6, 12], "texture": "#top"},
				"west": {"uv": [10, 8, 12, 12], "texture": "#top"},
				"up": {"uv": [0, 10, 3, 12], "texture": "#top"}
			}
		},
		{
			"name": "Box10",
			"from": [0, 6, 6],
			"to": [3, 8, 10],
			"faces": {
				"east": {"uv": [6, 8, 10, 10], "texture": "#top"},
				"west": {"uv": [6, 8, 10, 10], "texture": "#top"},
				"up": {"uv": [0, 6, 3, 10], "texture": "#top"},
				"down": {"uv": [0, 6, 3, 10], "texture": "#top"}
			}
		},
		{
			"name": "Box10",
			"from": [0, 4, 6],
			"to": [3, 5, 7],
			"faces": {
				"east": {"uv": [9, 11, 10, 12], "texture": "#top"},
				"south": {"uv": [0, 11, 3, 12], "texture": "#top"},
				"west": {"uv": [6, 11, 7, 12], "texture": "#top"},
				"up": {"uv": [0, 6, 3, 7], "texture": "#top"}
			}
		},
		{
			"name": "Box10",
			"from": [0, 4, 9],
			"to": [3, 5, 10],
			"faces": {
				"north": {"uv": [13, 11, 16, 12], "texture": "#top"},
				"east": {"uv": [6, 11, 7, 12], "texture": "#top"},
				"west": {"uv": [9, 11, 10, 12], "texture": "#top"},
				"up": {"uv": [0, 9, 3, 10], "texture": "#top"}
			}
		},
		{
			"name": "Box10",
			"from": [0, 8, 6],
			"to": [3, 13, 7],
			"faces": {
				"north": {"uv": [13, 3, 16, 8], "texture": "#top"},
				"east": {"uv": [9, 3, 10, 8], "texture": "#top"},
				"south": {"uv": [13, 0, 16, 5], "texture": "#top"},
				"west": {"uv": [6, 3, 7, 8], "texture": "#top"}
			}
		},
		{
			"name": "Box10",
			"from": [0, 8, 9],
			"to": [3, 13, 10],
			"faces": {
				"north": {"uv": [13, 3, 16, 8], "texture": "#top"},
				"east": {"uv": [6, 3, 7, 8], "texture": "#top"},
				"south": {"uv": [13, 9, 16, 14], "texture": "#top"},
				"west": {"uv": [9, 3, 10, 8], "texture": "#top"}
			}
		},
		{
			"name": "Box10",
			"from": [0, 13, 4],
			"to": [3, 16, 12],
			"faces": {
				"east": {"uv": [4, 0, 12, 3], "texture": "#top"},
				"west": {"uv": [12, 0, 4, 3], "texture": "#top"},
				"up": {"uv": [0, 6, 3, 14], "texture": "#top"},
				"down": {"uv": [0, 4, 3, 12], "texture": "#top"}
			}
		},
		{
			"name": "Box10",
			"from": [0, 11, 4],
			"to": [3, 13, 5],
			"faces": {
				"east": {"uv": [11, 3, 12, 5], "texture": "#top"},
				"south": {"uv": [0, 2, 3, 4], "texture": "#top"},
				"west": {"uv": [4, 3, 5, 5], "texture": "#top"},
				"down": {"uv": [0, 11, 3, 12], "texture": "#top"}
			}
		},
		{
			"name": "Box10",
			"from": [0, 11, 11],
			"to": [3, 13, 12],
			"faces": {
				"north": {"uv": [13, 3, 16, 5], "texture": "#top"},
				"east": {"uv": [4, 3, 5, 5], "texture": "#top"},
				"west": {"uv": [11, 3, 12, 5], "texture": "#top"},
				"down": {"uv": [0, 3, 3, 4], "texture": "#top"}
			}
		},
		{
			"name": "Box10",
			"from": [0, 12, 10],
			"to": [3, 13, 11],
			"faces": {
				"east": {"uv": [5, 3, 6, 4], "texture": "#top"},
				"west": {"uv": [10, 3, 11, 4], "texture": "#top"},
				"down": {"uv": [0, 3, 3, 4], "texture": "#top"}
			}
		},
		{
			"name": "Box10",
			"from": [0, 12, 5],
			"to": [3, 13, 6],
			"faces": {
				"east": {"uv": [10, 3, 11, 4], "texture": "#top"},
				"west": {"uv": [5, 3, 6, 4], "texture": "#top"},
				"down": {"uv": [0, 10, 3, 11], "texture": "#top"}
			}
		},
		{
			"from": [-1, 0, 4],
			"to": [0, 1, 5],
			"faces": {
				"north": {"uv": [11, 15, 12, 16], "texture": "#top"},
				"east": {"uv": [11, 15, 12, 16], "texture": "#top"},
				"south": {"uv": [11, 15, 12, 16], "texture": "#top"},
				"west": {"uv": [11, 15, 12, 16], "texture": "#top"},
				"up": {"uv": [11, 15, 12, 16], "texture": "#top"},
				"down": {"uv": [11, 15, 12, 16], "texture": "#top"}
			}
		},
		{
			"from": [-1, 1, 2],
			"to": [0, 2, 5],
			"faces": {
				"north": {"uv": [13, 14, 14, 15], "texture": "#top"},
				"east": {"uv": [11, 14, 14, 15], "texture": "#top"},
				"south": {"uv": [11, 14, 12, 15], "texture": "#top"},
				"west": {"uv": [14, 14, 11, 15], "texture": "#top"},
				"up": {"uv": [11, 14, 14, 15], "rotation": 270, "texture": "#top"},
				"down": {"uv": [11, 14, 14, 15], "rotation": 90, "texture": "#top"}
			}
		},
		{
			"from": [3, 1, 2],
			"to": [4, 2, 5],
			"faces": {
				"north": {"uv": [13, 14, 14, 15], "texture": "#top"},
				"east": {"uv": [11, 14, 14, 15], "texture": "#top"},
				"south": {"uv": [11, 14, 12, 15], "texture": "#top"},
				"west": {"uv": [14, 14, 11, 15], "texture": "#top"},
				"up": {"uv": [11, 14, 14, 15], "rotation": 270, "texture": "#top"},
				"down": {"uv": [11, 14, 14, 15], "rotation": 90, "texture": "#top"}
			}
		},
		{
			"from": [3, 0, 4],
			"to": [4, 1, 5],
			"faces": {
				"north": {"uv": [11, 15, 12, 16], "texture": "#top"},
				"east": {"uv": [11, 15, 12, 16], "texture": "#top"},
				"south": {"uv": [11, 15, 12, 16], "texture": "#top"},
				"west": {"uv": [11, 15, 12, 16], "texture": "#top"},
				"up": {"uv": [11, 15, 12, 16], "texture": "#top"},
				"down": {"uv": [11, 15, 12, 16], "texture": "#top"}
			}
		}
	]
}