{
	"credit": "Made with Blockbench",
	"textures": {
		"0": "block/ladder",
		"particle": "block/ladder"
	},
	"elements": [
		{
			"name": "1",
			"from": [2, 0, 14],
			"to": [4, 16, 16],
			"faces": {
				"north": {"uv": [12, 0, 14, 16], "texture": "#0"},
				"east": {"uv": [12, 0, 14, 16], "texture": "#0"},
				"south": {"uv": [12, 0, 14, 16], "texture": "#0"},
				"west": {"uv": [12, 0, 14, 16], "texture": "#0"},
				"up": {"uv": [12, 1, 14, 3], "texture": "#0", "cullface": "up"},
				"down": {"uv": [12, 13, 14, 15], "texture": "#0", "cullface": "down"}
			}
		},
		{
			"name": "2",
			"from": [12, 0, 14],
			"to": [14, 16, 16],
			"faces": {
				"north": {"uv": [2, 0, 4, 16], "texture": "#0"},
				"east": {"uv": [2, 0, 4, 16], "texture": "#0"},
				"south": {"uv": [2, 0, 4, 16], "texture": "#0"},
				"west": {"uv": [2, 0, 4, 16], "texture": "#0"},
				"up": {"uv": [2, 1, 4, 3], "texture": "#0", "cullface": "up"},
				"down": {"uv": [2, 13, 4, 15], "texture": "#0", "cullface": "down"}
			}
		},
		{
			"name": "3",
			"from": [1, 1, 15],
			"to": [2, 3, 16],
			"faces": {
				"north": {"uv": [14, 13, 15, 15], "texture": "#0"},
				"south": {"uv": [1, 13, 2, 15], "texture": "#0", "cullface": "south"},
				"west": {"uv": [1, 9, 2, 11], "texture": "#0"},
				"up": {"uv": [2, 9, 3, 10], "texture": "#0"},
				"down": {"uv": [3, 0, 4, 1], "texture": "#0"}
			}
		},
		{
			"name": "4",
			"from": [1, 5, 15],
			"to": [2, 7, 16],
			"faces": {
				"north": {"uv": [14, 9, 15, 11], "texture": "#0"},
				"south": {"uv": [1, 9, 2, 11], "texture": "#0", "cullface": "south"},
				"west": {"uv": [1, 9, 2, 11], "texture": "#0"},
				"up": {"uv": [2, 0, 3, 1], "texture": "#0"},
				"down": {"uv": [3, 0, 4, 1], "texture": "#0"}
			}
		},
		{
			"name": "5",
			"from": [1, 9, 15],
			"to": [2, 11, 16],
			"faces": {
				"north": {"uv": [14, 5, 15, 7], "texture": "#0"},
				"south": {"uv": [1, 5, 2, 7], "texture": "#0", "cullface": "south"},
				"west": {"uv": [1, 5, 2, 7], "texture": "#0"},
				"up": {"uv": [2, 0, 3, 1], "texture": "#0"},
				"down": {"uv": [3, 0, 4, 1], "texture": "#0"}
			}
		},
		{
			"name": "6",
			"from": [1, 13, 15],
			"to": [2, 15, 16],
			"faces": {
				"north": {"uv": [14, 1, 15, 3], "texture": "#0"},
				"south": {"uv": [1, 1, 2, 3], "texture": "#0", "cullface": "south"},
				"west": {"uv": [1, 1, 2, 3], "texture": "#0"},
				"up": {"uv": [2, 0, 3, 1], "texture": "#0"},
				"down": {"uv": [3, 0, 4, 1], "texture": "#0"}
			}
		},
		{
			"name": "7",
			"from": [4, 1, 15],
			"to": [12, 3, 16],
			"faces": {
				"north": {"uv": [4, 13, 12, 15], "texture": "#0"},
				"south": {"uv": [4, 13, 12, 15], "texture": "#0", "cullface": "south"},
				"up": {"uv": [4, 1, 12, 2], "texture": "#0"},
				"down": {"uv": [4, 2, 12, 3], "texture": "#0"}
			}
		},
		{
			"name": "8",
			"from": [4, 5, 15],
			"to": [12, 7, 16],
			"faces": {
				"north": {"uv": [4, 9, 12, 11], "texture": "#0"},
				"south": {"uv": [4, 9, 12, 11], "texture": "#0", "cullface": "south"},
				"up": {"uv": [4, 5, 12, 6], "texture": "#0"},
				"down": {"uv": [4, 6, 12, 7], "texture": "#0"}
			}
		},
		{
			"name": "9",
			"from": [4, 9, 15],
			"to": [12, 11, 16],
			"faces": {
				"north": {"uv": [4, 5, 12, 7], "texture": "#0"},
				"south": {"uv": [4, 5, 12, 7], "texture": "#0", "cullface": "south"},
				"up": {"uv": [4, 9, 12, 10], "texture": "#0"},
				"down": {"uv": [4, 10, 12, 11], "texture": "#0"}
			}
		},
		{
			"name": "10",
			"from": [4, 13, 15],
			"to": [12, 15, 16],
			"faces": {
				"north": {"uv": [4, 1, 12, 3], "texture": "#0"},
				"south": {"uv": [4, 1, 12, 3], "texture": "#0", "cullface": "south"},
				"up": {"uv": [4, 13, 12, 14], "texture": "#0"},
				"down": {"uv": [4, 14, 12, 15], "texture": "#0"}
			}
		},
		{
			"name": "11",
			"from": [14, 1, 15],
			"to": [15, 3, 16],
			"faces": {
				"north": {"uv": [1, 13, 2, 15], "texture": "#0"},
				"east": {"uv": [1, 13, 2, 15], "texture": "#0"},
				"south": {"uv": [14, 13, 15, 15], "texture": "#0", "cullface": "south"},
				"up": {"uv": [1, 13, 2, 14], "texture": "#0"},
				"down": {"uv": [1, 14, 2, 15], "texture": "#0"}
			}
		},
		{
			"name": "12",
			"from": [14, 5, 15],
			"to": [15, 7, 16],
			"faces": {
				"north": {"uv": [1, 9, 2, 11], "texture": "#0"},
				"east": {"uv": [1, 9, 2, 11], "texture": "#0"},
				"south": {"uv": [14, 9, 15, 11], "texture": "#0", "cullface": "south"},
				"up": {"uv": [1, 9, 2, 10], "texture": "#0"},
				"down": {"uv": [1, 10, 2, 11], "texture": "#0"}
			}
		},
		{
			"name": "13",
			"from": [14, 9, 15],
			"to": [15, 11, 16],
			"faces": {
				"north": {"uv": [1, 5, 2, 7], "texture": "#0"},
				"east": {"uv": [1, 5, 2, 7], "texture": "#0"},
				"south": {"uv": [14, 5, 15, 7], "texture": "#0", "cullface": "south"},
				"up": {"uv": [1, 5, 2, 6], "texture": "#0"},
				"down": {"uv": [1, 6, 2, 7], "texture": "#0"}
			}
		},
		{
			"name": "14",
			"from": [14, 13, 15],
			"to": [15, 15, 16],
			"faces": {
				"north": {"uv": [1, 1, 2, 3], "texture": "#0"},
				"east": {"uv": [1, 1, 2, 3], "texture": "#0"},
				"south": {"uv": [14, 1, 15, 3], "texture": "#0", "cullface": "south"},
				"up": {"uv": [1, 1, 2, 2], "texture": "#0"},
				"down": {"uv": [1, 2, 2, 3], "texture": "#0"}
			}
		}
	]
}