{
	"credit": "Made with Blockbench",
	"ambientocclusion": false,
	"textures": {
		"bottom": "block/oak_door_bottom",
		"top": "block/oak_door_top",
		"particle": "block/oak_door_top"
	},
	"elements": [
		{
			"from": [0.00093, 0.00056, 0.00074],
			"to": [3.00093, 5.00056, 16.00074],
			"faces": {
				"north": {"uv": [12, 4, 15, 7], "texture": "#bottom"},
				"east": {"uv": [0, 11, 16, 16], "texture": "#top"},
				"south": {"uv": [15, 11, 12, 14], "texture": "#bottom"},
				"west": {"uv": [16, 11, 0, 16], "texture": "#top"},
				"up": {"uv": [12, 0, 15, 16], "rotation": 180, "texture": "#bottom"},
				"down": {"uv": [12, 0, 15, 16], "rotation": 180, "texture": "#bottom"}
			}
		},
		{
			"from": [-0.00021, 13.00086, 0.00014],
			"to": [2.99979, 16.00086, 16.00014],
			"faces": {
				"north": {"uv": [15, 16, 12, 13], "texture": "#bottom"},
				"east": {"uv": [0, 0, 16, 3], "texture": "#top"},
				"south": {"uv": [15, 16, 12, 13], "texture": "#bottom"},
				"west": {"uv": [16, 0, 0, 3], "texture": "#top"},
				"up": {"uv": [13, 16, 16, 0], "rotation": 180, "texture": "#bottom"},
				"down": {"uv": [12, 0, 15, 16], "rotation": 180, "texture": "#bottom"}
			}
		},
		{
			"from": [0.00099, 5.00021, 6.99906],
			"to": [3.00099, 13.00021, 8.99906],
			"faces": {
				"north": {"uv": [13, 13, 16, 5], "texture": "#top"},
				"east": {"uv": [7, 3, 9, 11], "texture": "#top"},
				"south": {"uv": [16, 13, 13, 5], "texture": "#top"},
				"west": {"uv": [9, 3, 7, 11], "texture": "#top"}
			}
		},
		{
			"from": [0.00095, 4.99981, 0.00023],
			"to": [3.00095, 12.99981, 3.00023],
			"faces": {
				"north": {"uv": [12, 4, 15, 12], "texture": "#bottom"},
				"east": {"uv": [13, 3, 16, 11], "texture": "#top"},
				"south": {"uv": [13, 3, 16, 11], "texture": "#bottom"},
				"west": {"uv": [16, 3, 13, 11], "texture": "#top"}
			}
		},
		{
			"from": [0, 8.00068, 3.0006],
			"to": [3, 10.00068, 13.0006],
			"faces": {
				"east": {"uv": [3, 6, 13, 8], "texture": "#top"},
				"west": {"uv": [13, 6, 3, 8], "texture": "#top"},
				"up": {"uv": [12, 13, 15, 3], "rotation": 180, "texture": "#bottom"},
				"down": {"uv": [12, 3, 15, 13], "rotation": 180, "texture": "#bottom"}
			}
		},
		{
			"from": [-1, 0, 4],
			"to": [4, 1, 5],
			"faces": {
				"north": {"uv": [11, 15, 12, 16], "texture": "#top"},
				"east": {"uv": [11, 15, 12, 16], "texture": "#top"},
				"south": {"uv": [11, 15, 12, 16], "texture": "#top"},
				"west": {"uv": [11, 15, 12, 16], "texture": "#top"},
				"up": {"uv": [11, 15, 12, 16], "rotation": 180, "texture": "#top"},
				"down": {"uv": [11, 15, 12, 16], "rotation": 180, "texture": "#top"}
			}
		},
		{
			"from": [-0.00072, 4.99948, 12.99936],
			"to": [2.99928, 12.99948, 15.99936],
			"faces": {
				"north": {"uv": [12, 12, 15, 4], "texture": "#bottom"},
				"east": {"uv": [0, 3, 3, 11], "texture": "#top"},
				"south": {"uv": [12, 12, 15, 4], "texture": "#bottom"},
				"west": {"uv": [3, 3, 0, 11], "texture": "#top"}
			}
		},
		{
			"from": [-1, 1, 2],
			"to": [4, 2, 5],
			"faces": {
				"north": {"uv": [13, 14, 14, 15], "texture": "#top"},
				"east": {"uv": [11, 14, 14, 15], "texture": "#top"},
				"south": {"uv": [11, 14, 14, 15], "texture": "#top"},
				"west": {"uv": [11, 14, 14, 15], "texture": "#top"},
				"up": {"uv": [11, 14, 14, 15], "rotation": 180, "texture": "#top"},
				"down": {"uv": [11, 14, 14, 15], "rotation": 180, "texture": "#top"}
			}
		}
	]
}