{
	"credit": "Made with Blockbench",
	"ambientocclusion": false,
	"textures": {
		"particle": "block/rail_corner"
	},
	"elements": [
		{
			"name": "Plank1",
			"from": [11, 0, 1],
			"to": [13, 1, 2],
			"faces": {
				"north": {"uv": [11, 1, 13, 2], "rotation": 180, "texture": "#particle"},
				"east": {"uv": [12, 1, 13, 2], "texture": "#particle"},
				"west": {"uv": [11, 1, 12, 2], "texture": "#particle"},
				"up": {"uv": [11, 1, 13, 2], "texture": "#particle"},
				"down": {"uv": [11, 1, 13, 2], "texture": "#particle", "cullface": "down"}
			}
		},
		{
			"name": "Plank2",
			"from": [11, 0, 2],
			"to": [12, 1, 3],
			"faces": {
				"west": {"uv": [11, 2, 12, 3], "texture": "#particle"},
				"up": {"uv": [11, 2, 12, 3], "texture": "#particle"},
				"down": {"uv": [11, 2, 12, 3], "texture": "#particle", "cullface": "down"}
			}
		},
		{
			"name": "Plank3",
			"from": [12, 0, 4],
			"to": [14, 1, 7],
			"faces": {
				"north": {"uv": [12, 4, 14, 5], "rotation": 180, "texture": "#particle"},
				"east": {"uv": [13, 4, 14, 7], "rotation": 90, "texture": "#particle"},
				"south": {"uv": [12, 6, 14, 7], "texture": "#particle"},
				"west": {"uv": [12, 4, 13, 7], "rotation": 270, "texture": "#particle"},
				"up": {"uv": [12, 4, 14, 7], "texture": "#particle"},
				"down": {"uv": [14, 4, 12, 7], "rotation": 180, "texture": "#particle", "cullface": "down"}
			}
		},
		{
			"name": "Plank4",
			"from": [13, 0, 7],
			"to": [15, 1, 10],
			"faces": {
				"north": {"uv": [13, 7, 15, 8], "rotation": 180, "texture": "#particle"},
				"east": {"uv": [14, 7, 15, 10], "rotation": 90, "texture": "#particle"},
				"south": {"uv": [13, 9, 15, 10], "texture": "#particle"},
				"west": {"uv": [13, 7, 14, 10], "rotation": 90, "texture": "#particle"},
				"up": {"uv": [13, 7, 15, 10], "texture": "#particle"},
				"down": {"uv": [15, 7, 13, 10], "rotation": 180, "texture": "#particle", "cullface": "down"}
			}
		},
		{
			"name": "Plank5",
			"from": [14, 0, 10],
			"to": [16, 1, 12],
			"faces": {
				"north": {"uv": [14, 10, 16, 11], "rotation": 180, "texture": "#particle"},
				"east": {"uv": [15, 10, 16, 12], "rotation": 90, "texture": "#particle", "cullface": "east"},
				"west": {"uv": [14, 10, 15, 12], "rotation": 270, "texture": "#particle"},
				"up": {"uv": [14, 10, 16, 12], "texture": "#particle"},
				"down": {"uv": [16, 10, 14, 12], "rotation": 180, "texture": "#particle", "cullface": "down"}
			}
		},
		{
			"name": "Plank6",
			"from": [14, 0, 14],
			"to": [16, 1, 15],
			"faces": {
				"east": {"uv": [15, 14, 16, 15], "texture": "#particle", "cullface": "east"},
				"south": {"uv": [14, 14, 16, 15], "texture": "#particle"},
				"up": {"uv": [14, 14, 16, 15], "texture": "#particle"},
				"down": {"uv": [14, 14, 16, 15], "texture": "#particle", "cullface": "down"}
			}
		},
		{
			"name": "Plank7",
			"from": [14, 0, 15],
			"to": [15, 1, 16],
			"faces": {
				"east": {"uv": [14, 15, 15, 16], "texture": "#particle"},
				"south": {"uv": [14, 15, 15, 16], "texture": "#particle", "cullface": "south"},
				"up": {"uv": [14, 15, 15, 16], "texture": "#particle"},
				"down": {"uv": [14, 15, 15, 16], "texture": "#particle", "cullface": "down"}
			}
		},
		{
			"name": "Plank8",
			"from": [5, 0, 5],
			"to": [7, 1, 6],
			"faces": {
				"north": {"uv": [5, 5, 7, 6], "rotation": 180, "texture": "#particle"},
				"east": {"uv": [6, 5, 7, 6], "texture": "#particle"},
				"west": {"uv": [5, 5, 6, 6], "texture": "#particle"},
				"up": {"uv": [5, 5, 7, 6], "texture": "#particle"},
				"down": {"uv": [5, 5, 7, 6], "texture": "#particle", "cullface": "down"}
			}
		},
		{
			"name": "Plank9",
			"from": [5, 0, 6],
			"to": [6, 1, 7],
			"faces": {
				"south": {"uv": [5, 6, 6, 7], "texture": "#particle"},
				"west": {"uv": [5, 6, 6, 7], "texture": "#particle"},
				"up": {"uv": [5, 6, 6, 7], "texture": "#particle"},
				"down": {"uv": [5, 6, 6, 7], "texture": "#particle", "cullface": "down"}
			}
		},
		{
			"name": "Plank10",
			"from": [7, 0, 7],
			"to": [9, 1, 9],
			"faces": {
				"north": {"uv": [7, 7, 9, 8], "rotation": 180, "texture": "#particle"},
				"east": {"uv": [8, 7, 9, 9], "rotation": 90, "texture": "#particle"},
				"south": {"uv": [7, 8, 9, 9], "texture": "#particle"},
				"west": {"uv": [7, 7, 8, 9], "rotation": 270, "texture": "#particle"},
				"up": {"uv": [7, 7, 9, 9], "texture": "#particle"},
				"down": {"uv": [9, 7, 7, 9], "rotation": 180, "texture": "#particle", "cullface": "down"}
			}
		},
		{
			"name": "Plank11",
			"from": [9, 0, 8],
			"to": [10, 1, 9],
			"faces": {
				"north": {"uv": [9, 8, 10, 9], "texture": "#particle"},
				"east": {"uv": [9, 8, 10, 9], "texture": "#particle"},
				"up": {"uv": [9, 8, 10, 9], "texture": "#particle"},
				"down": {"uv": [9, 8, 10, 9], "texture": "#particle", "cullface": "down"}
			}
		},
		{
			"name": "Plank12",
			"from": [8, 0, 9],
			"to": [9, 1, 10],
			"faces": {
				"south": {"uv": [8, 9, 9, 10], "texture": "#particle"},
				"west": {"uv": [8, 9, 9, 10], "texture": "#particle"},
				"up": {"uv": [8, 9, 9, 10], "texture": "#particle"},
				"down": {"uv": [8, 9, 9, 10], "texture": "#particle", "cullface": "down"}
			}
		},
		{
			"name": "Plank13",
			"from": [9, 0, 9],
			"to": [11, 1, 11],
			"faces": {
				"north": {"uv": [9, 9, 11, 10], "rotation": 180, "texture": "#particle"},
				"east": {"uv": [10, 9, 11, 11], "rotation": 180, "texture": "#particle"},
				"south": {"uv": [9, 10, 11, 11], "texture": "#particle"},
				"west": {"uv": [9, 9, 10, 11], "rotation": 270, "texture": "#particle"},
				"up": {"uv": [9, 9, 11, 11], "texture": "#particle"},
				"down": {"uv": [11, 9, 9, 11], "rotation": 180, "texture": "#particle", "cullface": "down"}
			}
		},
		{
			"name": "Plank14",
			"from": [11, 0, 10],
			"to": [12, 1, 11],
			"faces": {
				"north": {"uv": [11, 10, 12, 11], "texture": "#particle"},
				"east": {"uv": [11, 10, 12, 11], "texture": "#particle"},
				"up": {"uv": [11, 10, 12, 11], "texture": "#particle"},
				"down": {"uv": [11, 10, 12, 11], "texture": "#particle", "cullface": "down"}
			}
		},
		{
			"name": "Plank15",
			"from": [10, 0, 11],
			"to": [11, 1, 12],
			"faces": {
				"south": {"uv": [10, 11, 11, 12], "texture": "#particle"},
				"west": {"uv": [10, 11, 11, 12], "texture": "#particle"},
				"up": {"uv": [10, 11, 11, 12], "texture": "#particle"},
				"down": {"uv": [10, 11, 11, 12], "texture": "#particle", "cullface": "down"}
			}
		},
		{
			"name": "Plank16",
			"from": [11, 0, 11],
			"to": [13, 1, 13],
			"faces": {
				"north": {"uv": [12, 11, 13, 12], "texture": "#particle"},
				"east": {"uv": [12, 11, 13, 13], "rotation": 90, "texture": "#particle"},
				"south": {"uv": [11, 12, 13, 13], "texture": "#particle"},
				"west": {"uv": [11, 11, 12, 13], "rotation": 270, "texture": "#particle"},
				"up": {"uv": [11, 11, 13, 13], "texture": "#particle"},
				"down": {"uv": [13, 11, 11, 13], "rotation": 180, "texture": "#particle", "cullface": "down"}
			}
		},
		{
			"name": "Plank17",
			"from": [13, 0, 12],
			"to": [14, 1, 13],
			"faces": {
				"north": {"uv": [13, 12, 14, 13], "texture": "#particle"},
				"up": {"uv": [13, 12, 14, 13], "texture": "#particle"},
				"down": {"uv": [13, 12, 14, 13], "texture": "#particle", "cullface": "down"}
			}
		},
		{
			"name": "Plank18",
			"from": [12, 0, 13],
			"to": [13, 1, 14],
			"faces": {
				"west": {"uv": [12, 13, 13, 14], "texture": "#particle"},
				"up": {"uv": [12, 13, 13, 14], "texture": "#particle"},
				"down": {"uv": [12, 13, 13, 14], "texture": "#particle", "cullface": "down"}
			}
		},
		{
			"name": "Plank19",
			"from": [1, 0, 11],
			"to": [3, 1, 12],
			"faces": {
				"north": {"uv": [1, 11, 3, 12], "rotation": 180, "texture": "#particle"},
				"west": {"uv": [1, 11, 2, 12], "texture": "#particle"},
				"up": {"uv": [1, 11, 3, 12], "texture": "#particle"},
				"down": {"uv": [1, 11, 3, 12], "texture": "#particle", "cullface": "down"}
			}
		},
		{
			"name": "Plank20",
			"from": [1, 0, 12],
			"to": [2, 1, 13],
			"faces": {
				"south": {"uv": [1, 12, 2, 13], "texture": "#particle"},
				"west": {"uv": [1, 12, 2, 13], "texture": "#particle"},
				"up": {"uv": [1, 12, 2, 13], "texture": "#particle"},
				"down": {"uv": [1, 12, 2, 13], "texture": "#particle", "cullface": "down"}
			}
		},
		{
			"name": "Plank21",
			"from": [4, 0, 12],
			"to": [7, 1, 14],
			"faces": {
				"north": {"uv": [4, 12, 7, 13], "rotation": 180, "texture": "#particle"},
				"east": {"uv": [6, 12, 7, 14], "rotation": 90, "texture": "#particle"},
				"south": {"uv": [4, 13, 7, 14], "texture": "#particle"},
				"west": {"uv": [4, 13, 5, 14], "texture": "#particle"},
				"up": {"uv": [4, 12, 7, 14], "texture": "#particle"},
				"down": {"uv": [7, 12, 4, 14], "rotation": 180, "texture": "#particle", "cullface": "down"}
			}
		},
		{
			"name": "Plank22",
			"from": [7, 0, 13],
			"to": [10, 1, 15],
			"faces": {
				"north": {"uv": [7, 13, 10, 14], "rotation": 180, "texture": "#particle"},
				"east": {"uv": [9, 13, 10, 15], "rotation": 90, "texture": "#particle"},
				"south": {"uv": [7, 14, 10, 15], "texture": "#particle"},
				"west": {"uv": [7, 13, 8, 15], "rotation": 270, "texture": "#particle"},
				"up": {"uv": [7, 13, 10, 15], "texture": "#particle"},
				"down": {"uv": [10, 13, 7, 15], "rotation": 180, "texture": "#particle", "cullface": "down"}
			}
		},
		{
			"name": "Plank23",
			"from": [10, 0, 14],
			"to": [12, 1, 16],
			"faces": {
				"north": {"uv": [10, 14, 12, 15], "rotation": 180, "texture": "#particle"},
				"south": {"uv": [10, 15, 12, 16], "texture": "#particle", "cullface": "south"},
				"west": {"uv": [10, 15, 12, 16], "texture": "#particle"},
				"up": {"uv": [10, 14, 12, 16], "texture": "#particle"},
				"down": {"uv": [12, 14, 10, 16], "rotation": 180, "texture": "#particle", "cullface": "down"}
			}
		},
		{
			"name": "Rail1-1",
			"from": [2, 0, 12],
			"to": [4, 2, 16],
			"faces": {
				"north": {"uv": [2, 12, 4, 14], "rotation": 180, "texture": "#particle"},
				"east": {"uv": [2, 12, 4, 16], "rotation": 270, "texture": "#particle"},
				"south": {"uv": [2, 15, 4, 16], "texture": "#particle", "cullface": "south"},
				"west": {"uv": [2, 12, 4, 16], "rotation": 90, "texture": "#particle"},
				"up": {"uv": [2, 12, 4, 16], "texture": "#particle"},
				"down": {"uv": [2, 12, 4, 16], "texture": "#particle"}
			}
		},
		{
			"name": "Rail1-2",
			"from": [3, 0, 10],
			"to": [5, 2, 12],
			"faces": {
				"north": {"uv": [3, 10, 5, 12], "rotation": 180, "texture": "#particle"},
				"east": {"uv": [3, 10, 5, 12], "rotation": 270, "texture": "#particle"},
				"south": {"uv": [3, 10, 5, 12], "texture": "#particle"},
				"west": {"uv": [3, 10, 5, 12], "rotation": 90, "texture": "#particle"},
				"up": {"uv": [3, 10, 5, 12], "texture": "#particle"},
				"down": {"uv": [3, 10, 5, 12], "texture": "#particle"}
			}
		},
		{
			"name": "Rail1-3",
			"from": [4, 0, 8],
			"to": [6, 2, 10],
			"faces": {
				"north": {"uv": [4, 8, 6, 10], "rotation": 180, "texture": "#particle"},
				"east": {"uv": [4, 8, 6, 10], "rotation": 270, "texture": "#particle"},
				"south": {"uv": [4, 8, 6, 10], "rotation": 270, "texture": "#particle"},
				"west": {"uv": [4, 8, 6, 10], "rotation": 90, "texture": "#particle"},
				"up": {"uv": [4, 8, 6, 10], "texture": "#particle"},
				"down": {"uv": [4, 8, 6, 10], "texture": "#particle"}
			}
		},
		{
			"name": "Rail1-4",
			"from": [5, 0, 7],
			"to": [7, 2, 8],
			"faces": {
				"north": {"uv": [6, 6, 7, 8], "texture": "#particle"},
				"east": {"uv": [5, 7, 7, 8], "rotation": 270, "texture": "#particle"},
				"south": {"uv": [6, 6, 7, 8], "rotation": 180, "texture": "#particle"},
				"west": {"uv": [5, 7, 7, 8], "rotation": 90, "texture": "#particle"},
				"up": {"uv": [5, 7, 7, 8], "texture": "#particle"},
				"down": {"uv": [5, 7, 7, 8], "texture": "#particle"}
			}
		},
		{
			"name": "Rail1-5",
			"from": [6, 0, 6],
			"to": [7, 2, 7],
			"faces": {
				"north": {"uv": [6, 6, 7, 8], "texture": "#particle"},
				"west": {"uv": [6, 6, 7, 8], "texture": "#particle"},
				"up": {"uv": [6, 6, 7, 7], "texture": "#particle"},
				"down": {"uv": [6, 7, 7, 8], "texture": "#particle"}
			}
		},
		{
			"name": "Rail1-6",
			"from": [7, 0, 5],
			"to": [8, 2, 7],
			"faces": {
				"north": {"uv": [7, 5, 8, 7], "texture": "#particle"},
				"east": {"uv": [7, 5, 8, 7], "rotation": 180, "texture": "#particle"},
				"south": {"uv": [7, 5, 8, 7], "rotation": 180, "texture": "#particle"},
				"west": {"uv": [7, 5, 8, 7], "texture": "#particle"},
				"up": {"uv": [7, 5, 8, 7], "texture": "#particle"},
				"down": {"uv": [7, 5, 8, 7], "rotation": 180, "texture": "#particle"}
			}
		},
		{
			"name": "Rail1-7",
			"from": [8, 0, 4],
			"to": [10, 2, 6],
			"faces": {
				"north": {"uv": [8, 4, 10, 6], "texture": "#particle"},
				"east": {"uv": [8, 4, 10, 6], "rotation": 180, "texture": "#particle"},
				"south": {"uv": [8, 4, 10, 6], "rotation": 180, "texture": "#particle"},
				"west": {"uv": [8, 4, 10, 6], "texture": "#particle"},
				"up": {"uv": [8, 4, 10, 6], "texture": "#particle"},
				"down": {"uv": [8, 4, 10, 6], "rotation": 180, "texture": "#particle"}
			}
		},
		{
			"name": "Rail1-8",
			"from": [10, 0, 3],
			"to": [12, 2, 5],
			"faces": {
				"north": {"uv": [10, 3, 12, 5], "texture": "#particle"},
				"east": {"uv": [10, 3, 12, 5], "rotation": 180, "texture": "#particle"},
				"south": {"uv": [10, 3, 12, 5], "rotation": 180, "texture": "#particle"},
				"west": {"uv": [10, 3, 12, 5], "texture": "#particle"},
				"up": {"uv": [10, 3, 12, 5], "texture": "#particle"},
				"down": {"uv": [10, 3, 12, 5], "rotation": 180, "texture": "#particle"}
			}
		},
		{
			"name": "Rail1-9",
			"from": [12, 0, 2],
			"to": [16, 2, 4],
			"faces": {
				"north": {"uv": [12, 2, 16, 4], "texture": "#particle"},
				"east": {"uv": [14, 2, 16, 4], "rotation": 90, "texture": "#particle", "cullface": "east"},
				"south": {"uv": [12, 2, 16, 4], "rotation": 180, "texture": "#particle"},
				"west": {"uv": [12, 2, 14, 4], "texture": "#particle"},
				"up": {"uv": [12, 2, 16, 4], "texture": "#particle"},
				"down": {"uv": [12, 2, 16, 4], "rotation": 180, "texture": "#particle"}
			}
		},
		{
			"name": "Rail2-1",
			"from": [12, 0, 14],
			"to": [14, 2, 16],
			"faces": {
				"north": {"uv": [12, 14, 13, 15], "texture": "#particle"},
				"east": {"uv": [13, 14, 14, 15], "texture": "#particle"},
				"south": {"uv": [12, 14, 14, 16], "texture": "#particle", "cullface": "south"},
				"west": {"uv": [12, 14, 14, 16], "rotation": 90, "texture": "#particle"},
				"up": {"uv": [12, 14, 14, 16], "texture": "#particle"},
				"down": {"uv": [12, 14, 14, 16], "texture": "#particle"}
			}
		},
		{
			"name": "Rail2-2",
			"from": [13, 0, 13],
			"to": [14, 2, 14],
			"faces": {
				"north": {"uv": [13, 13, 14, 14], "texture": "#particle"},
				"west": {"uv": [13, 13, 14, 14], "texture": "#particle"},
				"up": {"uv": [13, 13, 14, 14], "texture": "#particle"},
				"down": {"uv": [13, 13, 14, 14], "texture": "#particle"}
			}
		},
		{
			"name": "Rail2-3",
			"from": [14, 0, 12],
			"to": [16, 2, 14],
			"faces": {
				"north": {"uv": [14, 12, 16, 14], "texture": "#particle"},
				"east": {"uv": [15, 12, 16, 14], "rotation": 90, "texture": "#particle", "cullface": "east"},
				"south": {"uv": [14, 13, 15, 14], "texture": "#particle"},
				"west": {"uv": [14, 12, 15, 13], "texture": "#particle"},
				"up": {"uv": [14, 12, 16, 14], "texture": "#particle"},
				"down": {"uv": [14, 12, 16, 14], "rotation": 180, "texture": "#particle"}
			}
		}
	]
}