{
	"credit": "Made with Blockbench",
	"parent": "block/door_bottom",
	"ambientocclusion": false,
	"textures": {
		"bottom": "block/spruce_door_bottom",
		"particle": "block/spruce_door_bottom"
	},
	"elements": [
		{
			"from": [0, 0, 0],
			"to": [3, 16, 16],
			"faces": {
				"north": {"uv": [3, 0, 0, 16], "texture": "#bottom"},
				"east": {"uv": [16, 0, 0, 16], "texture": "#bottom"},
				"south": {"uv": [0, 0, 3, 16], "texture": "#bottom"},
				"west": {"uv": [0, 0, 16, 16], "texture": "#bottom"},
				"down": {"uv": [13, 0, 16, 16], "texture": "#bottom"}
			}
		},
		{
			"name": "Box2",
			"from": [-1, 13, 10],
			"to": [4, 15, 11],
			"faces": {
				"north": {"uv": [10, 1, 11, 3], "texture": "#bottom"},
				"east": {"uv": [10, 1, 11, 3], "texture": "#bottom"},
				"south": {"uv": [10, 1, 11, 3], "texture": "#bottom"},
				"west": {"uv": [10, 1, 11, 3], "texture": "#bottom"},
				"up": {"uv": [10, 2, 11, 3], "texture": "#bottom"},
				"down": {"uv": [10, 2, 11, 3], "texture": "#bottom"}
			}
		},
		{
			"name": "Box3",
			"from": [-1, 13, 13],
			"to": [4, 15, 14],
			"faces": {
				"north": {"uv": [13, 1, 14, 3], "texture": "#bottom"},
				"east": {"uv": [13, 1, 14, 3], "texture": "#bottom"},
				"south": {"uv": [13, 1, 14, 3], "texture": "#bottom"},
				"west": {"uv": [13, 1, 14, 3], "texture": "#bottom"},
				"up": {"uv": [13, 2, 14, 3], "texture": "#bottom"},
				"down": {"uv": [13, 2, 14, 3], "texture": "#bottom"}
			}
		},
		{
			"name": "Box4",
			"from": [-1, 15, 11],
			"to": [4, 16, 13],
			"faces": {
				"north": {"uv": [12, 0, 13, 1], "texture": "#bottom"},
				"east": {"uv": [11, 0, 13, 1], "texture": "#bottom"},
				"south": {"uv": [12, 0, 13, 1], "texture": "#bottom"},
				"west": {"uv": [11, 0, 13, 1], "texture": "#bottom"},
				"up": {"uv": [11, 0, 13, 1], "texture": "#bottom"},
				"down": {"uv": [11, 0, 13, 1], "texture": "#bottom"}
			}
		},
		{
			"name": "Box5",
			"from": [-1, 12, 11],
			"to": [4, 13, 13],
			"faces": {
				"north": {"uv": [12, 3, 13, 4], "texture": "#bottom"},
				"east": {"uv": [11, 3, 13, 4], "texture": "#bottom"},
				"south": {"uv": [12, 3, 13, 4], "texture": "#bottom"},
				"west": {"uv": [11, 3, 13, 4], "texture": "#bottom"},
				"up": {"uv": [11, 3, 13, 4], "texture": "#bottom"},
				"down": {"uv": [11, 3, 13, 4], "texture": "#bottom"}
			}
		}
	]
}