{
	"credit": "Made with Blockbench",
	"textures": {
		"cross": "block/sugar_cane",
		"particle": "block/sugar_cane"
	},
	"elements": [
		{
			"from": [1, 0, 1],
			"to": [3, 16, 3],
			"faces": {
				"north": {"uv": [1, 0, 3, 16], "texture": "#cross"},
				"east": {"uv": [1, 0, 3, 16], "texture": "#cross"},
				"south": {"uv": [1, 0, 3, 16], "texture": "#cross"},
				"west": {"uv": [1, 0, 3, 16], "texture": "#cross"},
				"up": {"uv": [1, 2, 3, 4], "rotation": 90, "texture": "#cross"},
				"down": {"uv": [1, 14, 3, 16], "rotation": 90, "texture": "#cross"}
			}
		},
		{
			"from": [1, 6, 0],
			"to": [2, 8, 1],
			"faces": {
				"north": {"uv": [0, 8, 1, 10], "texture": "#cross"},
				"east": {"uv": [0, 8, 1, 10], "texture": "#cross"},
				"south": {"uv": [0, 8, 1, 10], "texture": "#cross"},
				"west": {"uv": [0, 8, 1, 10], "texture": "#cross"},
				"up": {"uv": [0, 8, 1, 9], "texture": "#cross"},
				"down": {"uv": [0, 9, 1, 10], "texture": "#cross"}
			}
		},
		{
			"from": [2, 12, 3],
			"to": [3, 14, 4],
			"faces": {
				"north": {"uv": [3, 2, 4, 4], "texture": "#cross"},
				"east": {"uv": [3, 2, 4, 4], "texture": "#cross"},
				"south": {"uv": [3, 2, 4, 4], "texture": "#cross"},
				"west": {"uv": [3, 2, 4, 4], "texture": "#cross"},
				"up": {"uv": [3, 2, 4, 3], "texture": "#cross"},
				"down": {"uv": [3, 3, 4, 4], "texture": "#cross"}
			}
		},
		{
			"from": [2, 0, 5],
			"to": [4, 16, 7],
			"faces": {
				"north": {"uv": [5, 0, 7, 16], "texture": "#cross"},
				"east": {"uv": [5, 0, 7, 16], "texture": "#cross"},
				"south": {"uv": [5, 0, 7, 16], "texture": "#cross"},
				"west": {"uv": [5, 0, 7, 16], "texture": "#cross"},
				"up": {"uv": [5, 0, 7, 2], "rotation": 90, "texture": "#cross"},
				"down": {"uv": [5, 14, 7, 16], "rotation": 90, "texture": "#cross"}
			}
		},
		{
			"from": [1, 5, 5],
			"to": [2, 6, 6],
			"faces": {
				"north": {"uv": [4, 10, 5, 11], "texture": "#cross"},
				"east": {"uv": [4, 10, 5, 11], "texture": "#cross"},
				"south": {"uv": [4, 10, 5, 11], "texture": "#cross"},
				"west": {"uv": [4, 10, 5, 11], "texture": "#cross"},
				"up": {"uv": [4, 10, 5, 11], "texture": "#cross"},
				"down": {"uv": [4, 10, 5, 11], "texture": "#cross"}
			}
		},
		{
			"from": [4, 11, 6],
			"to": [5, 13, 7],
			"faces": {
				"north": {"uv": [7, 3, 8, 5], "texture": "#cross"},
				"east": {"uv": [7, 3, 8, 5], "texture": "#cross"},
				"south": {"uv": [7, 3, 8, 5], "texture": "#cross"},
				"west": {"uv": [7, 3, 8, 5], "texture": "#cross"},
				"up": {"uv": [7, 3, 8, 4], "texture": "#cross"},
				"down": {"uv": [7, 4, 8, 5], "texture": "#cross"}
			}
		},
		{
			"from": [1, 0, 9],
			"to": [3, 16, 11],
			"faces": {
				"north": {"uv": [9, 0, 11, 16], "texture": "#cross"},
				"east": {"uv": [9, 0, 11, 16], "texture": "#cross"},
				"south": {"uv": [9, 0, 11, 16], "texture": "#cross"},
				"west": {"uv": [9, 0, 11, 16], "texture": "#cross"},
				"up": {"uv": [9, 0, 11, 2], "rotation": 90, "texture": "#cross"},
				"down": {"uv": [9, 14, 11, 16], "rotation": 90, "texture": "#cross"}
			}
		},
		{
			"from": [3, 4, 9],
			"to": [4, 6, 10],
			"faces": {
				"north": {"uv": [8, 10, 9, 12], "texture": "#cross"},
				"east": {"uv": [8, 10, 9, 12], "texture": "#cross"},
				"south": {"uv": [8, 10, 9, 12], "texture": "#cross"},
				"west": {"uv": [8, 10, 9, 12], "texture": "#cross"},
				"up": {"uv": [8, 10, 9, 11], "texture": "#cross"},
				"down": {"uv": [8, 11, 9, 12], "texture": "#cross"}
			}
		},
		{
			"from": [0, 13, 10],
			"to": [1, 14, 11],
			"faces": {
				"north": {"uv": [11, 2, 12, 3], "texture": "#cross"},
				"east": {"uv": [11, 2, 12, 3], "texture": "#cross"},
				"south": {"uv": [11, 2, 12, 3], "texture": "#cross"},
				"west": {"uv": [11, 2, 12, 3], "texture": "#cross"},
				"up": {"uv": [11, 2, 12, 3], "texture": "#cross"},
				"down": {"uv": [11, 2, 12, 3], "texture": "#cross"}
			}
		},
		{
			"from": [3, 0, 13],
			"to": [5, 16, 15],
			"faces": {
				"north": {"uv": [13, 0, 15, 16], "texture": "#cross"},
				"east": {"uv": [13, 0, 15, 16], "texture": "#cross"},
				"south": {"uv": [13, 0, 15, 16], "texture": "#cross"},
				"west": {"uv": [13, 0, 15, 16], "texture": "#cross"},
				"up": {"uv": [13, 3, 15, 5], "rotation": 90, "texture": "#cross"},
				"down": {"uv": [13, 14, 15, 16], "rotation": 90, "texture": "#cross"}
			}
		},
		{
			"from": [4, 2, 12],
			"to": [5, 3, 13],
			"faces": {
				"north": {"uv": [12, 13, 13, 14], "texture": "#cross"},
				"east": {"uv": [12, 13, 13, 14], "texture": "#cross"},
				"south": {"uv": [12, 13, 13, 14], "texture": "#cross"},
				"west": {"uv": [12, 13, 13, 14], "texture": "#cross"},
				"up": {"uv": [12, 13, 13, 14], "texture": "#cross"},
				"down": {"uv": [12, 13, 13, 14], "texture": "#cross"}
			}
		},
		{
			"from": [3, 8, 15],
			"to": [4, 10, 16],
			"faces": {
				"north": {"uv": [15, 6, 16, 8], "texture": "#cross"},
				"east": {"uv": [15, 6, 16, 8], "texture": "#cross"},
				"south": {"uv": [15, 6, 16, 8], "texture": "#cross"},
				"west": {"uv": [15, 6, 16, 8], "texture": "#cross"},
				"up": {"uv": [15, 6, 16, 7], "texture": "#cross"},
				"down": {"uv": [15, 7, 16, 8], "texture": "#cross"}
			}
		},
		{
			"from": [6, 0, 2],
			"to": [8, 16, 4],
			"faces": {
				"north": {"uv": [5, 0, 7, 16], "texture": "#cross"},
				"east": {"uv": [5, 0, 7, 16], "texture": "#cross"},
				"south": {"uv": [5, 0, 7, 16], "texture": "#cross"},
				"west": {"uv": [5, 0, 7, 16], "texture": "#cross"},
				"up": {"uv": [5, 0, 7, 2], "texture": "#cross"},
				"down": {"uv": [5, 14, 7, 16], "rotation": 180, "texture": "#cross"}
			}
		},
		{
			"from": [6, 5, 4],
			"to": [7, 6, 5],
			"faces": {
				"north": {"uv": [4, 10, 5, 11], "texture": "#cross"},
				"east": {"uv": [4, 10, 5, 11], "texture": "#cross"},
				"south": {"uv": [4, 10, 5, 11], "texture": "#cross"},
				"west": {"uv": [4, 10, 5, 11], "texture": "#cross"},
				"up": {"uv": [4, 10, 5, 11], "rotation": 270, "texture": "#cross"},
				"down": {"uv": [4, 10, 5, 11], "rotation": 90, "texture": "#cross"}
			}
		},
		{
			"from": [7, 11, 1],
			"to": [8, 13, 2],
			"faces": {
				"north": {"uv": [7, 3, 8, 5], "texture": "#cross"},
				"east": {"uv": [7, 3, 8, 5], "texture": "#cross"},
				"south": {"uv": [7, 3, 8, 5], "texture": "#cross"},
				"west": {"uv": [7, 3, 8, 5], "texture": "#cross"},
				"up": {"uv": [7, 3, 8, 4], "rotation": 270, "texture": "#cross"},
				"down": {"uv": [7, 4, 8, 5], "rotation": 90, "texture": "#cross"}
			}
		},
		{
			"from": [13, 0, 7],
			"to": [15, 16, 9],
			"faces": {
				"north": {"uv": [5, 0, 7, 16], "texture": "#cross"},
				"east": {"uv": [5, 0, 7, 16], "texture": "#cross"},
				"south": {"uv": [5, 0, 7, 16], "texture": "#cross"},
				"west": {"uv": [5, 0, 7, 16], "texture": "#cross"},
				"up": {"uv": [5, 0, 7, 2], "rotation": 270, "texture": "#cross"},
				"down": {"uv": [5, 14, 7, 16], "rotation": 270, "texture": "#cross"}
			}
		},
		{
			"from": [15, 5, 8],
			"to": [16, 6, 9],
			"faces": {
				"north": {"uv": [4, 10, 5, 11], "texture": "#cross"},
				"east": {"uv": [4, 10, 5, 11], "texture": "#cross"},
				"south": {"uv": [4, 10, 5, 11], "texture": "#cross"},
				"west": {"uv": [4, 10, 5, 11], "texture": "#cross"},
				"up": {"uv": [4, 10, 5, 11], "rotation": 180, "texture": "#cross"},
				"down": {"uv": [4, 10, 5, 11], "rotation": 180, "texture": "#cross"}
			}
		},
		{
			"from": [12, 11, 7],
			"to": [13, 13, 8],
			"faces": {
				"north": {"uv": [7, 3, 8, 5], "texture": "#cross"},
				"east": {"uv": [7, 3, 8, 5], "texture": "#cross"},
				"south": {"uv": [7, 3, 8, 5], "texture": "#cross"},
				"west": {"uv": [7, 3, 8, 5], "texture": "#cross"},
				"up": {"uv": [7, 3, 8, 4], "rotation": 180, "texture": "#cross"},
				"down": {"uv": [7, 4, 8, 5], "rotation": 180, "texture": "#cross"}
			}
		},
		{
			"from": [7, 0, 6],
			"to": [9, 16, 8],
			"faces": {
				"north": {"uv": [13, 0, 15, 16], "texture": "#cross"},
				"east": {"uv": [13, 0, 15, 16], "texture": "#cross"},
				"south": {"uv": [13, 0, 15, 16], "texture": "#cross"},
				"west": {"uv": [13, 0, 15, 16], "texture": "#cross"},
				"up": {"uv": [13, 3, 15, 5], "texture": "#cross"},
				"down": {"uv": [13, 14, 15, 16], "rotation": 180, "texture": "#cross"}
			}
		},
		{
			"from": [6, 2, 6],
			"to": [7, 3, 7],
			"faces": {
				"north": {"uv": [12, 13, 13, 14], "texture": "#cross"},
				"east": {"uv": [12, 13, 13, 14], "texture": "#cross"},
				"south": {"uv": [12, 13, 13, 14], "texture": "#cross"},
				"west": {"uv": [12, 13, 13, 14], "texture": "#cross"},
				"up": {"uv": [12, 13, 13, 14], "rotation": 270, "texture": "#cross"},
				"down": {"uv": [12, 13, 13, 14], "rotation": 90, "texture": "#cross"}
			}
		},
		{
			"from": [9, 8, 7],
			"to": [10, 10, 8],
			"faces": {
				"north": {"uv": [15, 6, 16, 8], "texture": "#cross"},
				"east": {"uv": [15, 6, 16, 8], "texture": "#cross"},
				"south": {"uv": [15, 6, 16, 8], "texture": "#cross"},
				"west": {"uv": [15, 6, 16, 8], "texture": "#cross"},
				"up": {"uv": [15, 6, 16, 7], "rotation": 270, "texture": "#cross"},
				"down": {"uv": [15, 7, 16, 8], "rotation": 90, "texture": "#cross"}
			}
		},
		{
			"from": [12, 0, 1],
			"to": [14, 16, 3],
			"faces": {
				"north": {"uv": [1, 0, 3, 16], "texture": "#cross"},
				"east": {"uv": [1, 0, 3, 16], "texture": "#cross"},
				"south": {"uv": [1, 0, 3, 16], "texture": "#cross"},
				"west": {"uv": [1, 0, 3, 16], "texture": "#cross"},
				"up": {"uv": [1, 2, 3, 4], "rotation": 180, "texture": "#cross"},
				"down": {"uv": [1, 14, 3, 16], "texture": "#cross"}
			}
		},
		{
			"from": [14, 6, 1],
			"to": [15, 8, 2],
			"faces": {
				"north": {"uv": [0, 8, 1, 10], "texture": "#cross"},
				"east": {"uv": [0, 8, 1, 10], "texture": "#cross"},
				"south": {"uv": [0, 8, 1, 10], "texture": "#cross"},
				"west": {"uv": [0, 8, 1, 10], "texture": "#cross"},
				"up": {"uv": [0, 8, 1, 9], "rotation": 90, "texture": "#cross"},
				"down": {"uv": [0, 9, 1, 10], "rotation": 270, "texture": "#cross"}
			}
		},
		{
			"from": [11, 12, 2],
			"to": [12, 14, 3],
			"faces": {
				"north": {"uv": [3, 2, 4, 4], "texture": "#cross"},
				"east": {"uv": [3, 2, 4, 4], "texture": "#cross"},
				"south": {"uv": [3, 2, 4, 4], "texture": "#cross"},
				"west": {"uv": [3, 2, 4, 4], "texture": "#cross"},
				"up": {"uv": [3, 2, 4, 3], "rotation": 90, "texture": "#cross"},
				"down": {"uv": [3, 3, 4, 4], "rotation": 270, "texture": "#cross"}
			}
		},
		{
			"from": [9, 0, 9],
			"to": [11, 16, 11],
			"faces": {
				"north": {"uv": [13, 0, 15, 16], "texture": "#cross"},
				"east": {"uv": [13, 0, 15, 16], "texture": "#cross"},
				"south": {"uv": [13, 0, 15, 16], "texture": "#cross"},
				"west": {"uv": [13, 0, 15, 16], "texture": "#cross"},
				"up": {"uv": [13, 3, 15, 5], "texture": "#cross"},
				"down": {"uv": [13, 14, 15, 16], "rotation": 180, "texture": "#cross"}
			}
		},
		{
			"from": [8, 2, 9],
			"to": [9, 3, 10],
			"faces": {
				"north": {"uv": [12, 13, 13, 14], "texture": "#cross"},
				"east": {"uv": [12, 13, 13, 14], "texture": "#cross"},
				"south": {"uv": [12, 13, 13, 14], "texture": "#cross"},
				"west": {"uv": [12, 13, 13, 14], "texture": "#cross"},
				"up": {"uv": [12, 13, 13, 14], "rotation": 270, "texture": "#cross"},
				"down": {"uv": [12, 13, 13, 14], "rotation": 90, "texture": "#cross"}
			}
		},
		{
			"from": [11, 8, 10],
			"to": [12, 10, 11],
			"faces": {
				"north": {"uv": [15, 6, 16, 8], "texture": "#cross"},
				"east": {"uv": [15, 6, 16, 8], "texture": "#cross"},
				"south": {"uv": [15, 6, 16, 8], "texture": "#cross"},
				"west": {"uv": [15, 6, 16, 8], "texture": "#cross"},
				"up": {"uv": [15, 6, 16, 7], "rotation": 270, "texture": "#cross"},
				"down": {"uv": [15, 7, 16, 8], "rotation": 90, "texture": "#cross"}
			}
		},
		{
			"from": [6, 0, 12],
			"to": [8, 16, 14],
			"faces": {
				"north": {"uv": [9, 0, 11, 16], "texture": "#cross"},
				"east": {"uv": [9, 0, 11, 16], "texture": "#cross"},
				"south": {"uv": [9, 0, 11, 16], "texture": "#cross"},
				"west": {"uv": [9, 0, 11, 16], "texture": "#cross"},
				"up": {"uv": [9, 0, 11, 2], "rotation": 180, "texture": "#cross"},
				"down": {"uv": [9, 14, 11, 16], "texture": "#cross"}
			}
		},
		{
			"from": [7, 4, 14],
			"to": [8, 6, 15],
			"faces": {
				"north": {"uv": [8, 10, 9, 12], "texture": "#cross"},
				"east": {"uv": [8, 10, 9, 12], "texture": "#cross"},
				"south": {"uv": [8, 10, 9, 12], "texture": "#cross"},
				"west": {"uv": [8, 10, 9, 12], "texture": "#cross"},
				"up": {"uv": [8, 10, 9, 11], "rotation": 90, "texture": "#cross"},
				"down": {"uv": [8, 11, 9, 12], "rotation": 270, "texture": "#cross"}
			}
		},
		{
			"from": [6, 13, 11],
			"to": [7, 14, 12],
			"faces": {
				"north": {"uv": [11, 2, 12, 3], "texture": "#cross"},
				"east": {"uv": [11, 2, 12, 3], "texture": "#cross"},
				"south": {"uv": [11, 2, 12, 3], "texture": "#cross"},
				"west": {"uv": [11, 2, 12, 3], "texture": "#cross"},
				"up": {"uv": [11, 2, 12, 3], "rotation": 90, "texture": "#cross"},
				"down": {"uv": [11, 2, 12, 3], "rotation": 270, "texture": "#cross"}
			}
		},
		{
			"from": [12, 0, 13],
			"to": [14, 16, 15],
			"faces": {
				"north": {"uv": [1, 0, 3, 16], "texture": "#cross"},
				"east": {"uv": [1, 0, 3, 16], "texture": "#cross"},
				"south": {"uv": [1, 0, 3, 16], "texture": "#cross"},
				"west": {"uv": [1, 0, 3, 16], "texture": "#cross"},
				"up": {"uv": [1, 2, 3, 4], "rotation": 90, "texture": "#cross"},
				"down": {"uv": [1, 14, 3, 16], "rotation": 90, "texture": "#cross"}
			}
		},
		{
			"from": [12, 6, 12],
			"to": [13, 8, 13],
			"faces": {
				"north": {"uv": [0, 8, 1, 10], "texture": "#cross"},
				"east": {"uv": [0, 8, 1, 10], "texture": "#cross"},
				"south": {"uv": [0, 8, 1, 10], "texture": "#cross"},
				"west": {"uv": [0, 8, 1, 10], "texture": "#cross"},
				"up": {"uv": [0, 8, 1, 9], "texture": "#cross"},
				"down": {"uv": [0, 9, 1, 10], "texture": "#cross"}
			}
		},
		{
			"from": [13, 12, 15],
			"to": [14, 14, 16],
			"faces": {
				"north": {"uv": [3, 2, 4, 4], "texture": "#cross"},
				"east": {"uv": [3, 2, 4, 4], "texture": "#cross"},
				"south": {"uv": [3, 2, 4, 4], "texture": "#cross"},
				"west": {"uv": [3, 2, 4, 4], "texture": "#cross"},
				"up": {"uv": [3, 2, 4, 3], "texture": "#cross"},
				"down": {"uv": [3, 3, 4, 4], "texture": "#cross"}
			}
		},
		{
			"from": [10, 0, 4],
			"to": [12, 16, 6],
			"faces": {
				"north": {"uv": [5, 0, 7, 16], "texture": "#cross"},
				"east": {"uv": [5, 0, 7, 16], "texture": "#cross"},
				"south": {"uv": [5, 0, 7, 16], "texture": "#cross"},
				"west": {"uv": [5, 0, 7, 16], "texture": "#cross"},
				"up": {"uv": [5, 0, 7, 2], "rotation": 90, "texture": "#cross"},
				"down": {"uv": [5, 14, 7, 16], "rotation": 90, "texture": "#cross"}
			}
		},
		{
			"from": [9, 9, 4],
			"to": [10, 10, 5],
			"faces": {
				"north": {"uv": [4, 10, 5, 11], "texture": "#cross"},
				"east": {"uv": [4, 10, 5, 11], "texture": "#cross"},
				"south": {"uv": [4, 10, 5, 11], "texture": "#cross"},
				"west": {"uv": [4, 10, 5, 11], "texture": "#cross"},
				"up": {"uv": [4, 10, 5, 11], "texture": "#cross"},
				"down": {"uv": [4, 10, 5, 11], "texture": "#cross"}
			}
		},
		{
			"from": [12, 8, 5],
			"to": [13, 10, 6],
			"faces": {
				"north": {"uv": [7, 3, 8, 5], "texture": "#cross"},
				"east": {"uv": [7, 3, 8, 5], "texture": "#cross"},
				"south": {"uv": [7, 3, 8, 5], "texture": "#cross"},
				"west": {"uv": [7, 3, 8, 5], "texture": "#cross"},
				"up": {"uv": [7, 3, 8, 4], "texture": "#cross"},
				"down": {"uv": [7, 4, 8, 5], "texture": "#cross"}
			}
		}
	],
	"groups": [
		{
			"name": "cane1",
			"children": [0, 1, 2]
		},
		{
			"name": "cane2",
			"children": [3, 4, 5]
		},
		{
			"name": "cane3",
			"children": [6, 7, 8]
		},
		{
			"name": "cane4",
			"children": [9, 10, 11]
		},
		{
			"name": "cane5",
			"children": [12, 13, 14]
		},
		{
			"name": "cane6",
			"children": [15, 16, 17]
		},
		{
			"name": "cane7",
			"children": [18, 19, 20]
		},
		{
			"name": "cane8",
			"children": [21, 22, 23]
		},
		{
			"name": "cane9",
			"children": [24, 25, 26]
		},
		{
			"name": "cane10",
			"children": [27, 28, 29]
		},
		{
			"name": "cane11",
			"children": [30, 31, 32]
		},
		{
			"name": "cane12",
			"children": [33, 34, 35]
		}
	]
}