{
	"credit": "Made with Blockbench",
	"parent": "block/block",
	"textures": {
		"0": "block/red_concrete",
		"1": "block/oak_log",
		"2": "block/oak_leaves",
		"particle": "block/red_concrete"
	},
	"elements": [
		{
			"from": [7.5, 12, 6.5],
			"to": [11.5, 13, 7.5],
			"rotation": {"angle": 22.5, "axis": "y", "origin": [8, 8, 8]},
			"faces": {
				"north": {"uv": [0, 0, 16, 16], "tintindex": 1, "texture": "#2"},
				"east": {"uv": [0, 0, 16, 16], "tintindex": 1, "texture": "#2"},
				"south": {"uv": [0, 0, 16, 16], "tintindex": 1, "texture": "#2"},
				"west": {"uv": [0, 0, 16, 16], "tintindex": 1, "texture": "#2"},
				"up": {"uv": [0, 0, 16, 16], "tintindex": 1, "texture": "#2"},
				"down": {"uv": [0, 0, 16, 16], "tintindex": 1, "texture": "#2"}
			}
		},
		{
			"from": [8.5, 12, 5.5],
			"to": [10.5, 13, 8.5],
			"rotation": {"angle": 22.5, "axis": "y", "origin": [8, 8, 8]},
			"faces": {
				"north": {"uv": [0, 0, 16, 16], "tintindex": 1, "texture": "#2"},
				"east": {"uv": [0, 0, 16, 16], "tintindex": 1, "texture": "#2"},
				"south": {"uv": [0, 0, 16, 16], "tintindex": 1, "texture": "#2"},
				"west": {"uv": [0, 0, 16, 16], "tintindex": 1, "texture": "#2"},
				"up": {"uv": [0, 0, 16, 16], "tintindex": 1, "texture": "#2"},
				"down": {"uv": [0, 0, 16, 16], "tintindex": 1, "texture": "#2"}
			}
		},
		{
			"from": [7.5, 13, 5.5],
			"to": [8.5, 14, 6.5],
			"rotation": {"angle": 45, "axis": "y", "origin": [8, 8, 8]},
			"faces": {
				"north": {"uv": [0, 0, 16, 16], "texture": "#1"},
				"east": {"uv": [0, 0, 16, 16], "texture": "#1"},
				"south": {"uv": [0, 0, 16, 16], "texture": "#1"},
				"west": {"uv": [0, 0, 16, 16], "texture": "#1"},
				"up": {"uv": [0, 0, 16, 16], "texture": "#1"},
				"down": {"uv": [0, 0, 16, 16], "texture": "#1"}
			}
		},
		{
			"from": [7.5, 12, 6.5],
			"to": [8.5, 13, 7.5],
			"rotation": {"angle": 45, "axis": "y", "origin": [8, 8, 8]},
			"faces": {
				"north": {"uv": [0, 0, 16, 16], "texture": "#1"},
				"east": {"uv": [0, 0, 16, 16], "texture": "#1"},
				"south": {"uv": [0, 0, 16, 16], "texture": "#1"},
				"west": {"uv": [0, 0, 16, 16], "texture": "#1"},
				"up": {"uv": [0, 0, 16, 16], "texture": "#1"},
				"down": {"uv": [0, 0, 16, 16], "texture": "#1"}
			}
		},
		{
			"from": [7.5, 10, 7.5],
			"to": [8.5, 12, 8.5],
			"rotation": {"angle": 45, "axis": "y", "origin": [8, 8, 8]},
			"faces": {
				"north": {"uv": [0, 0, 16, 16], "texture": "#1"},
				"east": {"uv": [0, 0, 16, 16], "texture": "#1"},
				"south": {"uv": [0, 0, 16, 16], "texture": "#1"},
				"west": {"uv": [0, 0, 16, 16], "texture": "#1"},
				"up": {"uv": [0, 0, 16, 16], "texture": "#1"},
				"down": {"uv": [0, 0, 16, 16], "texture": "#1"}
			}
		},
		{
			"from": [5, 0, 5],
			"to": [11, 10, 11],
			"faces": {
				"north": {"uv": [0, 0, 16, 16], "texture": "#0"},
				"east": {"uv": [0, 0, 16, 16], "texture": "#0"},
				"south": {"uv": [0, 0, 16, 16], "texture": "#0"},
				"west": {"uv": [0, 0, 16, 16], "texture": "#0"},
				"up": {"uv": [0, 0, 16, 16], "texture": "#0"},
				"down": {"uv": [0, 0, 16, 16], "texture": "#0"}
			}
		},
		{
			"from": [3, 2, 5],
			"to": [13, 8, 11],
			"faces": {
				"north": {"uv": [0, 0, 16, 16], "texture": "#0"},
				"east": {"uv": [0, 0, 16, 16], "texture": "#0"},
				"south": {"uv": [0, 0, 16, 16], "texture": "#0"},
				"west": {"uv": [0, 0, 16, 16], "texture": "#0"},
				"up": {"uv": [0, 0, 16, 16], "texture": "#0"},
				"down": {"uv": [0, 0, 16, 16], "texture": "#0"}
			}
		},
		{
			"from": [5, 2, 3],
			"to": [11, 8, 13],
			"faces": {
				"north": {"uv": [0, 0, 16, 16], "texture": "#0"},
				"east": {"uv": [0, 0, 16, 16], "texture": "#0"},
				"south": {"uv": [0, 0, 16, 16], "texture": "#0"},
				"west": {"uv": [0, 0, 16, 16], "texture": "#0"},
				"up": {"uv": [0, 0, 16, 16], "texture": "#0"},
				"down": {"uv": [0, 0, 16, 16], "texture": "#0"}
			}
		},
		{
			"from": [4, 1, 4],
			"to": [12, 9, 12],
			"faces": {
				"north": {"uv": [0, 0, 16, 16], "texture": "#0"},
				"east": {"uv": [0, 0, 16, 16], "texture": "#0"},
				"south": {"uv": [0, 0, 16, 16], "texture": "#0"},
				"west": {"uv": [0, 0, 16, 16], "texture": "#0"},
				"up": {"uv": [0, 0, 16, 16], "texture": "#0"},
				"down": {"uv": [0, 0, 16, 16], "texture": "#0"}
			}
		}
	],
	"groups": [
		{
			"name": "leaf",
			"children": [0, 1]
		},
		{
			"name": "stem",
			"children": [2, 3, 4]
		},
		{
			"name": "fruit",
			"children": [5, 6, 7, 8]
		}
	]
}