{
	"credit": "Made with Blockbench",
	"textures": {
		"layer0": "entity/projectiles/arrow"
	},
	"elements": [
		{
			"from": [8, 0, 5.5],
			"to": [8, 16, 10.5],
			"faces": {
				"north": {"uv": [0, 0, 1, 1], "rotation": 180, "texture": "#missing"},
				"east": {"uv": [0, 0, 8, 2.5], "rotation": 270, "texture": "#layer0"},
				"south": {"uv": [0, 0, 1, 1], "texture": "#missing"},
				"west": {"uv": [8, 0, 0, 2.5], "rotation": 90, "texture": "#layer0"},
				"up": {"uv": [0, 0, 0, 0], "rotation": 180, "texture": "#missing"},
				"down": {"uv": [0, 0, 1, 1], "texture": "#missing"}
			}
		},
		{
			"from": [5.5, 0, 8],
			"to": [10.5, 16, 8],
			"faces": {
				"north": {"uv": [8, 0, 0, 2.5], "rotation": 90, "texture": "#layer0"},
				"east": {"uv": [0, 0, 8, 2.5], "rotation": 270, "texture": "#layer0"},
				"south": {"uv": [8, 0, 0, 2.5], "rotation": 90, "texture": "#layer0"},
				"west": {"uv": [8, 0, 0, 2.5], "rotation": 90, "texture": "#layer0"},
				"up": {"uv": [0, 0, 1, 1], "rotation": 180, "texture": "#missing"},
				"down": {"uv": [0, 0, 1, 1], "texture": "#missing"}
			}
		}
	],
	"display": {
		"thirdperson_righthand": {
			"translation": [0, 2, 2],
			"scale": [0.75, 0.75, 0.75]
		},
		"thirdperson_lefthand": {
			"translation": [0, 2, 2],
			"scale": [0.75, 0.75, 0.75]
		},
		"firstperson_righthand": {
			"rotation": [-30, 0, 0],
			"translation": [3.25, -2.75, -1.5],
			"scale": [1.25, 1.25, 1.25]
		},
		"firstperson_lefthand": {
			"rotation": [-30, 0, 0],
			"translation": [3.25, -2.75, -1.5],
			"scale": [1.25, 1.25, 1.25]
		},
		"ground": {
			"rotation": [30, 30, 30],
			"translation": [0, 3, 0]
		},
		"gui": {
			"rotation": [0, 0, -45],
			"translation": [0.25, 0.75, 0],
			"scale": [-1.1, 1.1, 1.1]
		},
		"head": {
			"rotation": [0, 0, -90],
			"scale": [2, 2, 2]
		},
		"fixed": {
			"rotation": [0, 0, 45],
			"translation": [0, 0, -0.25],
			"scale": [1.25, 1.25, 1.25]
		}
	}
}