{
	"credit": "Made with Blockbench",
	"textures": {
		"1": "block/bell_bottom",
		"2": "block/bell_top",
		"bell": "block/bell_side",
		"particle": "block/bell_bottom"
	},
	"elements": [
		{
			"name": "Box4",
			"from": [5, 5, 5],
			"to": [11, 12, 11],
			"faces": {
				"north": {"uv": [1, 0, 7, 7], "texture": "#bell"},
				"east": {"uv": [1, 0, 7, 7], "texture": "#bell"},
				"south": {"uv": [1, 0, 7, 7], "texture": "#bell"},
				"west": {"uv": [1, 0, 7, 7], "texture": "#bell"},
				"up": {"uv": [0, 0, 8, 8], "texture": "#2"},
				"down": {"uv": [0, 0, 8, 8], "texture": "#2"}
			}
		},
		{
			"name": "Box4",
			"from": [4, 3, 4],
			"to": [12, 5, 12],
			"faces": {
				"north": {"uv": [0, 7, 8, 9], "texture": "#bell"},
				"east": {"uv": [0, 7, 8, 9], "texture": "#bell"},
				"south": {"uv": [0, 7, 8, 9], "texture": "#bell"},
				"west": {"uv": [0, 7, 8, 9], "texture": "#bell"},
				"up": {"uv": [0, 0, 8, 8], "texture": "#1"},
				"down": {"uv": [0, 0, 8, 8], "texture": "#1"}
			}
		}
	],
	"display": {
		"thirdperson_righthand": {
			"rotation": [90, 0, 0],
			"translation": [0, -2, -4]
		},
		"thirdperson_lefthand": {
			"rotation": [90, 0, 0],
			"translation": [0, -2, -4]
		},
		"firstperson_righthand": {
			"rotation": [0, 45, 0]
		},
		"firstperson_lefthand": {
			"rotation": [0, -45, 0]
		},
		"ground": {
			"translation": [0, 3, 0]
		},
		"gui": {
			"rotation": [30, 45, 0],
			"translation": [0, 1, 0]
		},
		"head": {
			"translation": [0, 5, 0],
			"scale": [2.5, 2.5, 2.5]
		},
		"fixed": {
			"translation": [0, 1, 0],
			"scale": [2, 2, 2]
		}
	}
}