{
	"credit": "Made with Blockbench",
	"textures": {
		"layer0": "item/firework_rocket"
	},
	"elements": [
		{
			"from": [6, 2, 7],
			"to": [9, 10, 10],
			"faces": {
				"north": {"uv": [7, 5, 10, 13], "texture": "#layer0"},
				"east": {"uv": [7, 5, 10, 13], "texture": "#layer0"},
				"south": {"uv": [7, 5, 10, 13], "texture": "#layer0"},
				"west": {"uv": [7, 5, 10, 13], "texture": "#layer0"},
				"up": {"uv": [7, 10, 10, 13], "texture": "#layer0"},
				"down": {"uv": [7, 8, 10, 11], "texture": "#layer0"}
			}
		},
		{
			"from": [5, 10, 6],
			"to": [10, 12, 11],
			"faces": {
				"north": {"uv": [6, 3, 11, 5], "texture": "#layer0"},
				"east": {"uv": [6, 3, 11, 5], "texture": "#layer0"},
				"south": {"uv": [6, 3, 11, 5], "texture": "#layer0"},
				"west": {"uv": [6, 3, 11, 5], "texture": "#layer0"},
				"up": {"uv": [0, 0, 5, 5], "texture": "#layer0"},
				"down": {"uv": [0, 0, 5, 5], "texture": "#layer0"}
			}
		},
		{
			"from": [6, 12, 7],
			"to": [9, 13, 10],
			"faces": {
				"north": {"uv": [7, 3, 10, 4], "texture": "#layer0"},
				"east": {"uv": [7, 3, 10, 4], "texture": "#layer0"},
				"south": {"uv": [7, 3, 10, 4], "texture": "#layer0"},
				"west": {"uv": [7, 3, 10, 4], "texture": "#layer0"},
				"up": {"uv": [7, 2, 10, 5], "texture": "#layer0"},
				"down": {"uv": [7, 2, 10, 5], "texture": "#layer0"}
			}
		},
		{
			"from": [7, 13, 8],
			"to": [8, 14, 9],
			"faces": {
				"north": {"uv": [8, 1, 9, 2], "texture": "#layer0"},
				"east": {"uv": [8, 1, 9, 2], "texture": "#layer0"},
				"south": {"uv": [8, 1, 9, 2], "texture": "#layer0"},
				"west": {"uv": [8, 1, 9, 2], "texture": "#layer0"},
				"up": {"uv": [8, 1, 9, 2], "texture": "#layer0"},
				"down": {"uv": [8, 1, 9, 2], "texture": "#layer0"}
			}
		},
		{
			"from": [7, 1, 8],
			"to": [8, 2, 9],
			"faces": {
				"north": {"uv": [8, 13, 9, 14], "texture": "#layer0"},
				"east": {"uv": [8, 13, 9, 14], "texture": "#layer0"},
				"south": {"uv": [8, 13, 9, 14], "texture": "#layer0"},
				"west": {"uv": [8, 13, 9, 14], "texture": "#layer0"},
				"up": {"uv": [8, 13, 9, 14], "texture": "#layer0"},
				"down": {"uv": [8, 13, 9, 14], "texture": "#layer0"}
			}
		},
		{
			"from": [10, 1, 8],
			"to": [11, 2, 9],
			"faces": {
				"north": {"uv": [8, 13, 9, 14], "texture": "#layer0"},
				"east": {"uv": [8, 13, 9, 14], "texture": "#layer0"},
				"south": {"uv": [8, 13, 9, 14], "texture": "#layer0"},
				"west": {"uv": [8, 13, 9, 14], "texture": "#layer0"},
				"up": {"uv": [8, 13, 9, 14], "texture": "#layer0"},
				"down": {"uv": [8, 13, 9, 14], "texture": "#layer0"}
			}
		},
		{
			"from": [8, 0, 8],
			"to": [10, 1, 9],
			"faces": {
				"north": {"uv": [8, 13, 9, 14], "texture": "#layer0"},
				"east": {"uv": [8, 13, 9, 14], "texture": "#layer0"},
				"south": {"uv": [8, 13, 9, 14], "texture": "#layer0"},
				"west": {"uv": [8, 13, 9, 14], "texture": "#layer0"},
				"up": {"uv": [8, 13, 9, 14], "texture": "#layer0"},
				"down": {"uv": [8, 13, 9, 14], "texture": "#layer0"}
			}
		},
		{
			"from": [11, 2, 8],
			"to": [13, 3, 9],
			"faces": {
				"north": {"uv": [8, 13, 9, 14], "texture": "#layer0"},
				"east": {"uv": [8, 13, 9, 14], "texture": "#layer0"},
				"south": {"uv": [8, 13, 9, 14], "texture": "#layer0"},
				"west": {"uv": [8, 13, 9, 14], "texture": "#layer0"},
				"up": {"uv": [8, 13, 9, 14], "texture": "#layer0"},
				"down": {"uv": [8, 13, 9, 14], "texture": "#layer0"}
			}
		}
	],
	"display": {
		"thirdperson_righthand": {
			"rotation": [0, -90, 0],
			"translation": [0.5, 2.5, 2.5]
		},
		"thirdperson_lefthand": {
			"rotation": [0, 90, 0],
			"translation": [-0.5, 2.5, 2.5]
		},
		"firstperson_righthand": {
			"translation": [0, 4, 0]
		},
		"firstperson_lefthand": {
			"translation": [0, 4, 0]
		},
		"ground": {
			"translation": [0, 4, 0]
		},
		"gui": {
			"rotation": [0, -30, 0],
			"translation": [0, 1, 0]
		},
		"head": {
			"translation": [0, 8, 0]
		},
		"fixed": {
			"translation": [0, 0, -1]
		}
	}
}