{
	"credit": "Made with Blockbench",
	"textures": {
		"layer0": "block/lantern"
	},
	"elements": [
		{
			"from": [5, 0, 5],
			"to": [11, 7, 11],
			"faces": {
				"north": {"uv": [0, 2, 6, 9], "texture": "#layer0"},
				"east": {"uv": [0, 2, 6, 9], "texture": "#layer0"},
				"south": {"uv": [0, 2, 6, 9], "texture": "#layer0"},
				"west": {"uv": [0, 2, 6, 9], "texture": "#layer0"},
				"up": {"uv": [0, 9, 6, 15], "texture": "#layer0"},
				"down": {"uv": [0, 9, 6, 15], "texture": "#layer0"}
			}
		},
		{
			"from": [6, 7, 6],
			"to": [10, 9, 10],
			"faces": {
				"north": {"uv": [1, 0, 5, 2], "texture": "#layer0"},
				"east": {"uv": [1, 0, 5, 2], "texture": "#layer0"},
				"south": {"uv": [1, 0, 5, 2], "texture": "#layer0"},
				"west": {"uv": [1, 0, 5, 2], "texture": "#layer0"},
				"up": {"uv": [1, 10, 5, 14], "texture": "#layer0"},
				"down": {"uv": [1, 10, 5, 14], "texture": "#layer0"}
			}
		},
		{
			"from": [6.5, 9, 8],
			"to": [9.5, 11, 8],
			"rotation": {"angle": 45, "axis": "y", "origin": [8, 8, 8]},
			"faces": {
				"north": {"uv": [11, 10, 14, 12], "texture": "#layer0"},
				"east": {"uv": [0, 0, 0, 2], "texture": "#missing"},
				"south": {"uv": [11, 10, 14, 12], "texture": "#layer0"},
				"west": {"uv": [0, 0, 0, 2], "texture": "#missing"},
				"up": {"uv": [0, 0, 3, 0], "texture": "#missing"},
				"down": {"uv": [0, 0, 3, 0], "texture": "#missing"}
			}
		},
		{
			"from": [8, 9, 6.5],
			"to": [8, 11, 9.5],
			"rotation": {"angle": 45, "axis": "y", "origin": [8, 8, 8]},
			"faces": {
				"north": {"uv": [0, 0, 0, 2], "texture": "#missing"},
				"east": {"uv": [11, 10, 14, 12], "texture": "#layer0"},
				"south": {"uv": [0, 0, 0, 2], "texture": "#missing"},
				"west": {"uv": [11, 10, 14, 12], "texture": "#layer0"},
				"up": {"uv": [0, 0, 3, 0], "rotation": 270, "texture": "#missing"},
				"down": {"uv": [0, 0, 3, 0], "rotation": 90, "texture": "#missing"}
			}
		}
	],
	"display": {
		"thirdperson_righthand": {
			"rotation": [67.5, 0, 0],
			"translation": [0, -3, -2]
		},
		"thirdperson_lefthand": {
			"rotation": [67.5, 0, 0],
			"translation": [0, -3, -2]
		},
		"firstperson_righthand": {
			"translation": [2, 5, 0],
			"scale": [0.5, 0.5, 0.5]
		},
		"firstperson_lefthand": {
			"translation": [2, 5, 0],
			"scale": [0.5, 0.5, 0.5]
		},
		"ground": {
			"translation": [0, 5, 0]
		},
		"gui": {
			"rotation": [30, 45, 0],
			"translation": [0, 2.5, 0]
		},
		"head": {
			"translation": [0, 10, 0],
			"scale": [2.5, 2.5, 2.5]
		},
		"fixed": {
			"rotation": [0, 45, 0],
			"translation": [0, 2.5, 0]
		}
	}
}