{
	"credit": "Made with Blockbench",
	"textures": {
		"layer0": "block/sugar_cane"
	},
	"elements": [
		{
			"from": [7, 0, 7],
			"to": [9, 16, 9],
			"faces": {
				"north": {"uv": [1, 0, 3, 16], "texture": "#layer0"},
				"east": {"uv": [1, 0, 3, 16], "texture": "#layer0"},
				"south": {"uv": [1, 0, 3, 16], "texture": "#layer0"},
				"west": {"uv": [1, 0, 3, 16], "texture": "#layer0"},
				"up": {"uv": [1, 2, 3, 4], "rotation": 90, "texture": "#layer0"},
				"down": {"uv": [1, 14, 3, 16], "rotation": 90, "texture": "#layer0"}
			}
		},
		{
			"from": [7, 6, 6],
			"to": [8, 8, 7],
			"faces": {
				"north": {"uv": [0, 8, 1, 10], "texture": "#layer0"},
				"east": {"uv": [0, 8, 1, 10], "texture": "#layer0"},
				"south": {"uv": [0, 8, 1, 10], "texture": "#layer0"},
				"west": {"uv": [0, 8, 1, 10], "texture": "#layer0"},
				"up": {"uv": [0, 8, 1, 9], "texture": "#layer0"},
				"down": {"uv": [0, 9, 1, 10], "texture": "#layer0"}
			}
		},
		{
			"from": [8, 12, 9],
			"to": [9, 14, 10],
			"faces": {
				"north": {"uv": [3, 2, 4, 4], "texture": "#layer0"},
				"east": {"uv": [3, 2, 4, 4], "texture": "#layer0"},
				"south": {"uv": [3, 2, 4, 4], "texture": "#layer0"},
				"west": {"uv": [3, 2, 4, 4], "texture": "#layer0"},
				"up": {"uv": [3, 2, 4, 3], "texture": "#layer0"},
				"down": {"uv": [3, 3, 4, 4], "texture": "#layer0"}
			}
		}
	],
	"display": {
		"thirdperson_righthand": {
			"translation": [0, 2, 1.5],
			"scale": [0.5, 0.5, 0.5]
		},
		"thirdperson_lefthand": {
			"translation": [0, 2, 1.5],
			"scale": [0.5, 0.5, 0.5]
		},
		"firstperson_righthand": {
			"rotation": [15, 0, 0]
		},
		"firstperson_lefthand": {
			"rotation": [15, 0, 0]
		},
		"ground": {
			"rotation": [30, 30, 30],
			"scale": [0.5, 0.5, 0.5]
		},
		"gui": {
			"rotation": [0, 50, -50]
		},
		"head": {
			"translation": [0, 14.5, 0]
		},
		"fixed": {
			"rotation": [0, 0, 45]
		}
	},
	"groups": [
		{
			"name": "cane1",
			"children": [0, 1, 2]
		}
	]
}